time,Auvergne-Rhône-Alpes,Bourgogne-Franche-Comté,Bretagne,Centre-Val de Loire,Grand Est,Hauts-de-France,Normandie,Nouvelle-Aquitaine,Occitanie,Pays de la Loire,Provence-Alpes-Côte d'Azur,Île-de-France
2024-01-29 00:00:00+00:00,0.0,0.0,0.0,0.0,0.0,0.0,0.0,0.0,0.0,0.0,0.0,0.0
2024-01-29 01:00:00+00:00,0.0,0.0,0.0,0.0,0.0,0.0,0.0,0.0,0.0,0.0,0.0,0.0
2024-01-29 02:00:00+00:00,0.0,0.0,0.0,0.0,0.0,0.0,0.0,0.0,0.0,0.0,0.0,0.0
2024-01-29 03:00:00+00:00,0.0,0.0,0.0,0.0,0.0,0.0,0.0,0.0,0.0,0.0,0.0,0.0
2024-01-29 04:00:00+00:00,0.0,0.0,0.0,0.0,0.0,0.0,0.0,0.0,0.0,0.0,0.0,0.0
2024-01-29 05:00:00+00:00,0.0,0.0,0.0,0.0,0.0,0.0,0.0,0.0,0.0,0.0,0.0,0.0
2024-01-29 06:00:00+00:00,0.0,0.0,0.0,0.0,0.0,0.0,0.0,0.0,0.0,0.0,0.0,0.0
2024-01-29 07:00:00+00:00,0.041499999999999995,0.022000000000000002,0.0,0.004,0.017666666666666667,0.0,0.0,0.010333333333333332,0.028999999999999998,0.0,0.083,0.0
2024-01-29 08:00:00+00:00,0.16499999999999998,0.10650000000000001,0.026000000000000002,0.05,0.08066666666666668,0.014499999999999999,0.014,0.09899999999999999,0.1325,0.024,0.228,0.019
2024-01-29 09:00:00+00:00,0.3305,0.24050000000000002,0.094,0.141,0.167,0.0435,0.048,0.25466666666666665,0.24,0.08800000000000001,0.349,0.057
2024-01-29 10:00:00+00:00,0.426,0.381,0.174,0.23399999999999999,0.24766666666666667,0.08349999999999999,0.0935,0.34299999999999997,0.3055,0.18,0.406,0.11800000000000001
2024-01-29 11:00:00+00:00,0.4605,0.4415,0.256,0.3,0.2996666666666667,0.1285,0.1475,0.36766666666666664,0.3275,0.258,0.42100000000000004,0.22399999999999998
2024-01-29 12:00:00+00:00,0.435,0.42100000000000004,0.297,0.287,0.27366666666666667,0.135,0.184,0.34,0.306,0.292,0.392,0.231
2024-01-29 13:00:00+00:00,0.34550000000000003,0.32600000000000007,0.254,0.221,0.18566666666666665,0.115,0.188,0.2703333333333333,0.2455,0.255,0.321,0.185
2024-01-29 14:00:00+00:00,0.21150000000000002,0.1875,0.16399999999999998,0.127,0.09566666666666666,0.07300000000000001,0.14100000000000001,0.18266666666666667,0.15200000000000002,0.165,0.205,0.114
2024-01-29 15:00:00+00:00,0.07150000000000001,0.0545,0.071,0.043,0.024333333333333335,0.021500000000000002,0.052000000000000005,0.08533333333333333,0.0585,0.064,0.073,0.037000000000000005
2024-01-29 16:00:00+00:00,0.0005,0.0,0.006,0.0,0.0,0.0,0.0015,0.009,0.0045000000000000005,0.004,0.001,0.0
2024-01-29 17:00:00+00:00,0.0,0.0,0.0,0.0,0.0,0.0,0.0,0.0,0.0,0.0,0.0,0.0
2024-01-29 18:00:00+00:00,0.0,0.0,0.0,0.0,0.0,0.0,0.0,0.0,0.0,0.0,0.0,0.0
2024-01-29 19:00:00+00:00,0.0,0.0,0.0,0.0,0.0,0.0,0.0,0.0,0.0,0.0,0.0,0.0
2024-01-29 20:00:00+00:00,0.0,0.0,0.0,0.0,0.0,0.0,0.0,0.0,0.0,0.0,0.0,0.0
2024-01-29 21:00:00+00:00,0.0,0.0,0.0,0.0,0.0,0.0,0.0,0.0,0.0,0.0,0.0,0.0
2024-01-29 22:00:00+00:00,0.0,0.0,0.0,0.0,0.0,0.0,0.0,0.0,0.0,0.0,0.0,0.0
2024-01-29 23:00:00+00:00,0.0,0.0,0.0,0.0,0.0,0.0,0.0,0.0,0.0,0.0,0.0,0.0
2024-02-14 00:00:00+00:00,0.0,0.0,0.0,0.0,0.0,0.0,0.0,0.0,0.0,0.0,0.0,0.0
2024-02-14 01:00:00+00:00,0.0,0.0,0.0,0.0,0.0,0.0,0.0,0.0,0.0,0.0,0.0,0.0
2024-02-14 02:00:00+00:00,0.0,0.0,0.0,0.0,0.0,0.0,0.0,0.0,0.0,0.0,0.0,0.0
2024-02-14 03:00:00+00:00,0.0,0.0,0.0,0.0,0.0,0.0,0.0,0.0,0.0,0.0,0.0,0.0
2024-02-14 04:00:00+00:00,0.0,0.0,0.0,0.0,0.0,0.0,0.0,0.0,0.0,0.0,0.0,0.0
2024-02-14 05:00:00+00:00,0.0,0.0,0.0,0.0,0.0,0.0,0.0,0.0,0.0,0.0,0.0,0.0
2024-02-14 06:00:00+00:00,0.0005,0.0,0.0,0.0,0.0003333333333333333,0.0,0.0,0.0,0.001,0.0,0.006,0.0
2024-02-14 07:00:00+00:00,0.10300000000000001,0.025,0.01,0.019,0.016,0.005,0.006,0.078,0.153,0.02,0.171,0.006999999999999999
2024-02-14 08:00:00+00:00,0.2535,0.089,0.077,0.08,0.04133333333333333,0.0325,0.05,0.22666666666666668,0.3205,0.115,0.358,0.037000000000000005
2024-02-14 09:00:00+00:00,0.39149999999999996,0.1565,0.151,0.19,0.06766666666666667,0.07999999999999999,0.107,0.36633333333333334,0.45199999999999996,0.23800000000000002,0.488,0.11
2024-02-14 10:00:00+00:00,0.4845,0.1895,0.247,0.306,0.09533333333333333,0.1235,0.159,0.4383333333333333,0.5305,0.325,0.562,0.21100000000000002
2024-02-14 11:00:00+00:00,0.5275,0.20199999999999999,0.358,0.39899999999999997,0.12433333333333334,0.129,0.20700000000000002,0.4836666666666667,0.5625,0.375,0.5870000000000001,0.179
2024-02-14 12:00:00+00:00,0.488,0.22799999999999998,0.38799999999999996,0.368,0.12533333333333332,0.1285,0.26,0.49333333333333335,0.5569999999999999,0.382,0.56,0.267
2024-02-14 13:00:00+00:00,0.391,0.229,0.266,0.252,0.11366666666666665,0.124,0.295,0.4523333333333333,0.502,0.35700000000000004,0.484,0.297
2024-02-14 14:00:00+00:00,0.2875,0.16399999999999998,0.135,0.156,0.09000000000000001,0.10949999999999999,0.23249999999999998,0.3539999999999999,0.391,0.217,0.364,0.214
2024-02-14 15:00:00+00:00,0.159,0.07649999999999998,0.052000000000000005,0.091,0.043333333333333335,0.0615,0.086,0.19033333333333333,0.22849999999999998,0.055999999999999994,0.2,0.098
2024-02-14 16:00:00+00:00,0.028500000000000004,0.0055,0.012,0.017,0.0016666666666666668,0.006,0.0105,0.041,0.05450000000000001,0.006,0.032,0.013000000000000001
2024-02-14 17:00:00+00:00,0.0,0.0,0.0,0.0,0.0,0.0,0.0,0.0,0.0,0.0,0.0,0.0
2024-02-14 18:00:00+00:00,0.0,0.0,0.0,0.0,0.0,0.0,0.0,0.0,0.0,0.0,0.0,0.0
2024-02-14 19:00:00+00:00,0.0,0.0,0.0,0.0,0.0,0.0,0.0,0.0,0.0,0.0,0.0,0.0
2024-02-14 20:00:00+00:00,0.0,0.0,0.0,0.0,0.0,0.0,0.0,0.0,0.0,0.0,0.0,0.0
2024-02-14 21:00:00+00:00,0.0,0.0,0.0,0.0,0.0,0.0,0.0,0.0,0.0,0.0,0.0,0.0
2024-02-14 22:00:00+00:00,0.0,0.0,0.0,0.0,0.0,0.0,0.0,0.0,0.0,0.0,0.0,0.0
2024-02-14 23:00:00+00:00,0.0,0.0,0.0,0.0,0.0,0.0,0.0,0.0,0.0,0.0,0.0,0.0
2024-03-14 00:00:00+00:00,0.0,0.0,0.0,0.0,0.0,0.0,0.0,0.0,0.0,0.0,0.0,0.0
2024-03-14 01:00:00+00:00,0.0,0.0,0.0,0.0,0.0,0.0,0.0,0.0,0.0,0.0,0.0,0.0
2024-03-14 02:00:00+00:00,0.0,0.0,0.0,0.0,0.0,0.0,0.0,0.0,0.0,0.0,0.0,0.0
2024-03-14 03:00:00+00:00,0.0,0.0,0.0,0.0,0.0,0.0,0.0,0.0,0.0,0.0,0.0,0.0
2024-03-14 04:00:00+00:00,0.0,0.0,0.0,0.0,0.0,0.0,0.0,0.0,0.0,0.0,0.0,0.0
2024-03-14 05:00:00+00:00,0.0,0.0,0.0,0.0,0.0,0.0,0.0,0.0,0.0,0.0,0.0,0.0
2024-03-14 06:00:00+00:00,0.064,0.062,0.001,0.017,0.033,0.011000000000000001,0.008,0.018000000000000002,0.049,0.006999999999999999,0.102,0.022000000000000002
2024-03-14 07:00:00+00:00,0.215,0.192,0.035,0.10400000000000001,0.12266666666666666,0.0725,0.08000000000000002,0.13266666666666668,0.187,0.069,0.268,0.08900000000000001
2024-03-14 08:00:00+00:00,0.4155,0.3375,0.128,0.294,0.24866666666666667,0.1815,0.1855,0.3193333333333333,0.37350000000000005,0.155,0.425,0.23800000000000002
2024-03-14 09:00:00+00:00,0.5489999999999999,0.4625,0.28300000000000003,0.444,0.36066666666666664,0.2895,0.2425,0.4383333333333333,0.53,0.204,0.556,0.395
2024-03-14 10:00:00+00:00,0.62,0.5445,0.45,0.503,0.451,0.3615,0.28550000000000003,0.47833333333333333,0.6100000000000001,0.247,0.643,0.462
2024-03-14 11:00:00+00:00,0.631,0.576,0.546,0.486,0.505,0.36849999999999994,0.3425,0.4606666666666667,0.626,0.33899999999999997,0.6729999999999999,0.45
2024-03-14 12:00:00+00:00,0.573,0.538,0.5579999999999999,0.40399999999999997,0.4923333333333333,0.3335,0.3755,0.4226666666666667,0.5740000000000001,0.457,0.6459999999999999,0.418
2024-03-14 13:00:00+00:00,0.4385,0.4335,0.5,0.292,0.4143333333333333,0.26949999999999996,0.3775,0.38133333333333336,0.46799999999999997,0.517,0.542,0.32799999999999996
2024-03-14 14:00:00+00:00,0.28500000000000003,0.292,0.386,0.20600000000000002,0.29,0.1885,0.3815,0.3313333333333333,0.33699999999999997,0.479,0.384,0.19399999999999998
2024-03-14 15:00:00+00:00,0.15100000000000002,0.156,0.249,0.171,0.157,0.121,0.31399999999999995,0.24833333333333338,0.195,0.36,0.21600000000000003,0.113
2024-03-14 16:00:00+00:00,0.051000000000000004,0.051,0.11199999999999999,0.109,0.05000000000000001,0.0675,0.15350000000000003,0.14233333333333334,0.08000000000000002,0.193,0.073,0.067
2024-03-14 17:00:00+00:00,0.0015,0.0005,0.015,0.017,0.0003333333333333333,0.0065,0.019000000000000003,0.026333333333333334,0.007500000000000001,0.033,0.001,0.008
2024-03-14 18:00:00+00:00,0.0,0.0,0.0,0.0,0.0,0.0,0.0,0.0,0.0,0.0,0.0,0.0
2024-03-14 19:00:00+00:00,0.0,0.0,0.0,0.0,0.0,0.0,0.0,0.0,0.0,0.0,0.0,0.0
2024-03-14 20:00:00+00:00,0.0,0.0,0.0,0.0,0.0,0.0,0.0,0.0,0.0,0.0,0.0,0.0
2024-03-14 21:00:00+00:00,0.0,0.0,0.0,0.0,0.0,0.0,0.0,0.0,0.0,0.0,0.0,0.0
2024-03-14 22:00:00+00:00,0.0,0.0,0.0,0.0,0.0,0.0,0.0,0.0,0.0,0.0,0.0,0.0
2024-03-14 23:00:00+00:00,0.0,0.0,0.0,0.0,0.0,0.0,0.0,0.0,0.0,0.0,0.0,0.0
2024-04-17 00:00:00+00:00,0.0,0.0,0.0,0.0,0.0,0.0,0.0,0.0,0.0,0.0,0.0,0.0
2024-04-17 01:00:00+00:00,0.0,0.0,0.0,0.0,0.0,0.0,0.0,0.0,0.0,0.0,0.0,0.0
2024-04-17 02:00:00+00:00,0.0,0.0,0.0,0.0,0.0,0.0,0.0,0.0,0.0,0.0,0.0,0.0
2024-04-17 03:00:00+00:00,0.0,0.0,0.0,0.0,0.0,0.0,0.0,0.0,0.0,0.0,0.0,0.0
2024-04-17 04:00:00+00:00,0.0,0.0,0.0,0.0,0.0,0.0,0.0,0.0,0.0,0.0,0.0,0.0
2024-04-17 05:00:00+00:00,0.0075,0.007500000000000001,0.006,0.005,0.009,0.016,0.0145,0.0023333333333333335,0.016,0.003,0.052000000000000005,0.015
2024-04-17 06:00:00+00:00,0.067,0.0535,0.10800000000000001,0.05,0.05666666666666667,0.101,0.1095,0.053,0.0995,0.057999999999999996,0.204,0.102
2024-04-17 07:00:00+00:00,0.20999999999999996,0.174,0.26899999999999996,0.162,0.16066666666666665,0.22799999999999998,0.2445,0.15133333333333335,0.2475,0.18600000000000003,0.379,0.244
2024-04-17 08:00:00+00:00,0.36,0.365,0.419,0.3,0.26866666666666666,0.347,0.373,0.2986666666666667,0.4485,0.389,0.534,0.391
2024-04-17 09:00:00+00:00,0.4545,0.48950000000000005,0.523,0.41,0.33666666666666667,0.3955,0.44,0.4416666666666667,0.569,0.54,0.647,0.409
2024-04-17 10:00:00+00:00,0.511,0.507,0.5710000000000001,0.44,0.37799999999999995,0.376,0.4555,0.5850000000000001,0.643,0.614,0.718,0.373
2024-04-17 11:00:00+00:00,0.5345,0.47850000000000004,0.6629999999999999,0.466,0.37233333333333335,0.33399999999999996,0.478,0.6386666666666666,0.6890000000000001,0.636,0.741,0.38799999999999996
2024-04-17 12:00:00+00:00,0.522,0.4265,0.68,0.47,0.3396666666666666,0.319,0.497,0.6436666666666667,0.683,0.629,0.72,0.33299999999999996
2024-04-17 13:00:00+00:00,0.47450000000000003,0.362,0.6559999999999999,0.41700000000000004,0.27166666666666667,0.2985,0.46199999999999997,0.6006666666666667,0.6285000000000001,0.561,0.6559999999999999,0.261
2024-04-17 14:00:00+00:00,0.382,0.274,0.586,0.297,0.21266666666666667,0.2825,0.353,0.5056666666666666,0.5385,0.43700000000000006,0.55,0.20800000000000002
2024-04-17 15:00:00+00:00,0.27,0.181,0.465,0.166,0.14966666666666667,0.22949999999999998,0.255,0.36433333333333334,0.39649999999999996,0.32,0.40299999999999997,0.125
2024-04-17 16:00:00+00:00,0.153,0.0905,0.314,0.076,0.07966666666666666,0.158,0.194,0.20933333333333337,0.236,0.214,0.237,0.079
2024-04-17 17:00:00+00:00,0.0445,0.024,0.154,0.031,0.026333333333333334,0.07,0.10800000000000001,0.083,0.087,0.099,0.08,0.04
2024-04-17 18:00:00+00:00,0.0,0.0,0.027000000000000003,0.003,0.0,0.0035,0.014000000000000002,0.007666666666666666,0.0025,0.013999999999999999,0.0,0.004
2024-04-17 19:00:00+00:00,0.0,0.0,0.0,0.0,0.0,0.0,0.0,0.0,0.0,0.0,0.0,0.0
2024-04-17 20:00:00+00:00,0.0,0.0,0.0,0.0,0.0,0.0,0.0,0.0,0.0,0.0,0.0,0.0
2024-04-17 21:00:00+00:00,0.0,0.0,0.0,0.0,0.0,0.0,0.0,0.0,0.0,0.0,0.0,0.0
2024-04-17 22:00:00+00:00,0.0,0.0,0.0,0.0,0.0,0.0,0.0,0.0,0.0,0.0,0.0,0.0
2024-04-17 23:00:00+00:00,0.0,0.0,0.0,0.0,0.0,0.0,0.0,0.0,0.0,0.0,0.0,0.0
2024-05-13 00:00:00+00:00,0.0,0.0,0.0,0.0,0.0,0.0,0.0,0.0,0.0,0.0,0.0,0.0
2024-05-13 01:00:00+00:00,0.0,0.0,0.0,0.0,0.0,0.0,0.0,0.0,0.0,0.0,0.0,0.0
2024-05-13 02:00:00+00:00,0.0,0.0,0.0,0.0,0.0,0.0,0.0,0.0,0.0,0.0,0.0,0.0
2024-05-13 03:00:00+00:00,0.0,0.0,0.0,0.0,0.0,0.0,0.0,0.0,0.0,0.0,0.0,0.0
2024-05-13 04:00:00+00:00,0.003,0.0035,0.0,0.001,0.007,0.004999999999999999,0.0,0.0,0.0005,0.0,0.003,0.002
2024-05-13 05:00:00+00:00,0.068,0.060000000000000005,0.024,0.052000000000000005,0.068,0.066,0.038,0.043000000000000003,0.058,0.043,0.071,0.064
2024-05-13 06:00:00+00:00,0.183,0.16299999999999998,0.075,0.162,0.171,0.1725,0.13449999999999998,0.14333333333333334,0.174,0.134,0.175,0.18
2024-05-13 07:00:00+00:00,0.3315,0.281,0.129,0.308,0.3016666666666667,0.3,0.27549999999999997,0.26366666666666666,0.308,0.243,0.27,0.317
2024-05-13 08:00:00+00:00,0.472,0.40800000000000003,0.172,0.46399999999999997,0.426,0.425,0.40449999999999997,0.3966666666666667,0.4465,0.373,0.354,0.456
2024-05-13 09:00:00+00:00,0.579,0.49450000000000005,0.201,0.575,0.5023333333333334,0.538,0.5075000000000001,0.5066666666666667,0.5329999999999999,0.46299999999999997,0.434,0.561
2024-05-13 10:00:00+00:00,0.6325000000000001,0.5495,0.221,0.649,0.5336666666666666,0.6114999999999999,0.567,0.5983333333333333,0.57,0.529,0.526,0.631
2024-05-13 11:00:00+00:00,0.633,0.5675,0.20800000000000002,0.688,0.5336666666666666,0.6495,0.587,0.6453333333333333,0.5515,0.519,0.584,0.66
2024-05-13 12:00:00+00:00,0.5960000000000001,0.5465,0.18600000000000003,0.685,0.507,0.6185,0.5635,0.6293333333333333,0.5105,0.467,0.586,0.644
2024-05-13 13:00:00+00:00,0.541,0.49850000000000005,0.158,0.64,0.4616666666666666,0.5740000000000001,0.5045,0.5456666666666666,0.4265,0.365,0.537,0.605
2024-05-13 14:00:00+00:00,0.452,0.41600000000000004,0.122,0.552,0.4156666666666667,0.4825,0.419,0.403,0.3135,0.24600000000000002,0.47200000000000003,0.529
2024-05-13 15:00:00+00:00,0.3395,0.3255,0.095,0.426,0.3253333333333333,0.36750000000000005,0.313,0.2416666666666667,0.1905,0.141,0.358,0.42
2024-05-13 16:00:00+00:00,0.2185,0.21949999999999997,0.08199999999999999,0.267,0.22366666666666665,0.23399999999999999,0.19299999999999998,0.12566666666666668,0.102,0.071,0.21899999999999997,0.284
2024-05-13 17:00:00+00:00,0.1065,0.11100000000000002,0.065,0.11599999999999999,0.11666666666666665,0.1315,0.0935,0.04566666666666667,0.039,0.027000000000000003,0.08900000000000001,0.14400000000000002
2024-05-13 18:00:00+00:00,0.02,0.0245,0.034,0.027000000000000003,0.028333333333333335,0.0445,0.025500000000000002,0.006333333333333333,0.0055,0.006,0.009000000000000001,0.040999999999999995
2024-05-13 19:00:00+00:00,0.0,0.0,0.002,0.0,0.0,0.0,0.0,0.0,0.0,0.0,0.0,0.0
2024-05-13 20:00:00+00:00,0.0,0.0,0.0,0.0,0.0,0.0,0.0,0.0,0.0,0.0,0.0,0.0
2024-05-13 21:00:00+00:00,0.0,0.0,0.0,0.0,0.0,0.0,0.0,0.0,0.0,0.0,0.0,0.0
2024-05-13 22:00:00+00:00,0.0,0.0,0.0,0.0,0.0,0.0,0.0,0.0,0.0,0.0,0.0,0.0
2024-05-13 23:00:00+00:00,0.0,0.0,0.0,0.0,0.0,0.0,0.0,0.0,0.0,0.0,0.0,0.0
2024-06-11 00:00:00+00:00,0.0,0.0,0.0,0.0,0.0,0.0,0.0,0.0,0.0,0.0,0.0,0.0
2024-06-11 01:00:00+00:00,0.0,0.0,0.0,0.0,0.0,0.0,0.0,0.0,0.0,0.0,0.0,0.0
2024-06-11 02:00:00+00:00,0.0,0.0,0.0,0.0,0.0,0.0,0.0,0.0,0.0,0.0,0.0,0.0
2024-06-11 03:00:00+00:00,0.0,0.0,0.0,0.0,0.0,0.0,0.0,0.0,0.0,0.0,0.0,0.0
2024-06-11 04:00:00+00:00,0.012,0.031,0.006999999999999999,0.021,0.03233333333333333,0.029,0.015000000000000001,0.004,0.0085,0.01,0.026000000000000002,0.026000000000000002
2024-06-11 05:00:00+00:00,0.078,0.1235,0.081,0.113,0.11133333333333334,0.10850000000000001,0.087,0.06066666666666667,0.081,0.08,0.124,0.114
2024-06-11 06:00:00+00:00,0.1925,0.26,0.20199999999999999,0.244,0.242,0.21500000000000002,0.1925,0.16433333333333333,0.2025,0.198,0.263,0.226
2024-06-11 07:00:00+00:00,0.3275,0.40900000000000003,0.349,0.385,0.4013333333333333,0.313,0.307,0.31066666666666665,0.3565,0.34600000000000003,0.413,0.321
2024-06-11 08:00:00+00:00,0.47450000000000003,0.5385,0.488,0.49700000000000005,0.521,0.381,0.40900000000000003,0.45333333333333337,0.48700000000000004,0.48200000000000004,0.544,0.395
2024-06-11 09:00:00+00:00,0.591,0.6315,0.599,0.58,0.6143333333333333,0.419,0.48350000000000004,0.5556666666666668,0.5795000000000001,0.584,0.639,0.433
2024-06-11 10:00:00+00:00,0.6425,0.688,0.6709999999999999,0.624,0.6693333333333333,0.4295,0.5389999999999999,0.6343333333333332,0.6445,0.647,0.6970000000000001,0.401
2024-06-11 11:00:00+00:00,0.6535,0.703,0.706,0.621,0.673,0.416,0.5675,0.6716666666666667,0.6645000000000001,0.6659999999999999,0.718,0.35
2024-06-11 12:00:00+00:00,0.641,0.6799999999999999,0.71,0.5820000000000001,0.6350000000000001,0.40049999999999997,0.585,0.6793333333333332,0.6319999999999999,0.648,0.7,0.348
2024-06-11 13:00:00+00:00,0.5965,0.6145,0.684,0.517,0.5609999999999999,0.42099999999999993,0.5775,0.6509999999999999,0.589,0.595,0.645,0.331
2024-06-11 14:00:00+00:00,0.519,0.4985,0.619,0.43799999999999994,0.4653333333333333,0.4085,0.5325,0.5753333333333334,0.5025,0.514,0.552,0.302
2024-06-11 15:00:00+00:00,0.39549999999999996,0.3615,0.518,0.349,0.353,0.33199999999999996,0.463,0.457,0.37349999999999994,0.426,0.426,0.27899999999999997
2024-06-11 16:00:00+00:00,0.2595,0.237,0.386,0.244,0.2333333333333333,0.2385,0.3405,0.32666666666666666,0.235,0.318,0.265,0.201
2024-06-11 17:00:00+00:00,0.1335,0.1295,0.23800000000000002,0.133,0.12766666666666668,0.1545,0.207,0.19000000000000003,0.1225,0.18100000000000002,0.11699999999999999,0.132
2024-06-11 18:00:00+00:00,0.044,0.05,0.111,0.055999999999999994,0.04833333333333334,0.0695,0.0925,0.07666666666666666,0.041999999999999996,0.081,0.028999999999999998,0.067
2024-06-11 19:00:00+00:00,0.0005,0.0005,0.027999999999999997,0.004,0.001,0.008,0.0165,0.006000000000000001,0.0005,0.013000000000000001,0.0,0.006999999999999999
2024-06-11 20:00:00+00:00,0.0,0.0,0.0,0.0,0.0,0.0,0.0,0.0,0.0,0.0,0.0,0.0
2024-06-11 21:00:00+00:00,0.0,0.0,0.0,0.0,0.0,0.0,0.0,0.0,0.0,0.0,0.0,0.0
2024-06-11 22:00:00+00:00,0.0,0.0,0.0,0.0,0.0,0.0,0.0,0.0,0.0,0.0,0.0,0.0
2024-06-11 23:00:00+00:00,0.0,0.0,0.0,0.0,0.0,0.0,0.0,0.0,0.0,0.0,0.0,0.0
2024-07-10 00:00:00+00:00,0.0,0.0,0.0,0.0,0.0,0.0,0.0,0.0,0.0,0.0,0.0,0.0
2024-07-10 01:00:00+00:00,0.0,0.0,0.0,0.0,0.0,0.0,0.0,0.0,0.0,0.0,0.0,0.0
2024-07-10 02:00:00+00:00,0.0,0.0,0.0,0.0,0.0,0.0,0.0,0.0,0.0,0.0,0.0,0.0
2024-07-10 03:00:00+00:00,0.0,0.0,0.0,0.0,0.0,0.0,0.0,0.0,0.0,0.0,0.0,0.0
2024-07-10 04:00:00+00:00,0.014,0.013,0.003,0.011000000000000001,0.020666666666666667,0.0225,0.0125,0.001,0.006500000000000001,0.004,0.019,0.022000000000000002
2024-07-10 05:00:00+00:00,0.08349999999999999,0.073,0.064,0.076,0.09533333333333334,0.0955,0.08349999999999999,0.036666666666666674,0.087,0.053,0.109,0.11
2024-07-10 06:00:00+00:00,0.1765,0.16049999999999998,0.163,0.16899999999999998,0.19866666666666669,0.2055,0.1885,0.10266666666666668,0.20650000000000002,0.135,0.23800000000000002,0.23
2024-07-10 07:00:00+00:00,0.27749999999999997,0.27549999999999997,0.31,0.258,0.30433333333333334,0.34600000000000003,0.33599999999999997,0.18866666666666668,0.347,0.292,0.38,0.36
2024-07-10 08:00:00+00:00,0.3655,0.3785,0.446,0.321,0.4003333333333334,0.47950000000000004,0.476,0.28933333333333333,0.477,0.434,0.505,0.474
2024-07-10 09:00:00+00:00,0.4535,0.44399999999999995,0.542,0.43200000000000005,0.4713333333333334,0.5665,0.5735,0.38833333333333336,0.5805,0.541,0.599,0.499
2024-07-10 10:00:00+00:00,0.5,0.477,0.596,0.56,0.5033333333333334,0.614,0.6355,0.4943333333333333,0.646,0.606,0.655,0.5760000000000001
2024-07-10 11:00:00+00:00,0.5345,0.489,0.629,0.628,0.5296666666666666,0.6385000000000001,0.6685000000000001,0.5579999999999999,0.674,0.633,0.675,0.648
2024-07-10 12:00:00+00:00,0.543,0.46699999999999997,0.626,0.622,0.54,0.6475,0.6579999999999999,0.5653333333333332,0.6655,0.638,0.6609999999999999,0.648
2024-07-10 13:00:00+00:00,0.518,0.4265,0.583,0.563,0.49733333333333335,0.615,0.609,0.5373333333333333,0.6205,0.609,0.612,0.604
2024-07-10 14:00:00+00:00,0.45999999999999996,0.36950000000000005,0.493,0.467,0.4166666666666667,0.542,0.504,0.4776666666666667,0.5385,0.508,0.529,0.517
2024-07-10 15:00:00+00:00,0.366,0.281,0.41,0.36,0.32933333333333337,0.41200000000000003,0.364,0.39299999999999996,0.4255,0.377,0.414,0.39
2024-07-10 16:00:00+00:00,0.25,0.1875,0.304,0.248,0.22266666666666665,0.239,0.243,0.278,0.2835,0.252,0.27399999999999997,0.23
2024-07-10 17:00:00+00:00,0.134,0.1005,0.19399999999999998,0.131,0.11299999999999999,0.124,0.144,0.15933333333333333,0.154,0.149,0.138,0.13
2024-07-10 18:00:00+00:00,0.0425,0.031,0.085,0.05,0.03366666666666667,0.048,0.0695,0.062,0.05,0.068,0.035,0.062
2024-07-10 19:00:00+00:00,0.0,0.0,0.015,0.002,0.0003333333333333333,0.0035,0.009500000000000001,0.0026666666666666666,0.0,0.006999999999999999,0.0,0.004
2024-07-10 20:00:00+00:00,0.0,0.0,0.0,0.0,0.0,0.0,0.0,0.0,0.0,0.0,0.0,0.0
2024-07-10 21:00:00+00:00,0.0,0.0,0.0,0.0,0.0,0.0,0.0,0.0,0.0,0.0,0.0,0.0
2024-07-10 22:00:00+00:00,0.0,0.0,0.0,0.0,0.0,0.0,0.0,0.0,0.0,0.0,0.0,0.0
2024-07-10 23:00:00+00:00,0.0,0.0,0.0,0.0,0.0,0.0,0.0,0.0,0.0,0.0,0.0,0.0
2024-08-20 00:00:00+00:00,0.0,0.0,0.0,0.0,0.0,0.0,0.0,0.0,0.0,0.0,0.0,0.0
2024-08-20 01:00:00+00:00,0.0,0.0,0.0,0.0,0.0,0.0,0.0,0.0,0.0,0.0,0.0,0.0
2024-08-20 02:00:00+00:00,0.0,0.0,0.0,0.0,0.0,0.0,0.0,0.0,0.0,0.0,0.0,0.0
2024-08-20 03:00:00+00:00,0.0,0.0,0.0,0.0,0.0,0.0,0.0,0.0,0.0,0.0,0.0,0.0
2024-08-20 04:00:00+00:00,0.0,0.0,0.0,0.0,0.0,0.0,0.0,0.0,0.0,0.0,0.0,0.0
2024-08-20 05:00:00+00:00,0.048,0.053,0.003,0.026000000000000002,0.051,0.03,0.0175,0.018000000000000002,0.0345,0.013000000000000001,0.055999999999999994,0.027999999999999997
2024-08-20 06:00:00+00:00,0.176,0.177,0.053,0.131,0.16366666666666665,0.1245,0.0965,0.11733333333333333,0.16050000000000003,0.10099999999999999,0.19,0.131
2024-08-20 07:00:00+00:00,0.345,0.3335,0.132,0.26899999999999996,0.31266666666666665,0.2485,0.186,0.25866666666666666,0.315,0.215,0.34,0.264
2024-08-20 08:00:00+00:00,0.485,0.47,0.24100000000000002,0.39799999999999996,0.449,0.372,0.269,0.4023333333333334,0.457,0.315,0.47200000000000003,0.395
2024-08-20 09:00:00+00:00,0.589,0.5695,0.376,0.531,0.5596666666666666,0.4725,0.3385,0.5343333333333333,0.568,0.36700000000000005,0.575,0.527
2024-08-20 10:00:00+00:00,0.6515,0.6275,0.51,0.597,0.6233333333333334,0.5025,0.376,0.609,0.637,0.379,0.631,0.596
2024-08-20 11:00:00+00:00,0.671,0.657,0.589,0.623,0.6493333333333333,0.486,0.3775,0.6406666666666667,0.665,0.361,0.642,0.615
2024-08-20 12:00:00+00:00,0.65,0.631,0.594,0.588,0.6213333333333333,0.4075,0.383,0.622,0.639,0.33799999999999997,0.619,0.579
2024-08-20 13:00:00+00:00,0.5934999999999999,0.5755,0.581,0.525,0.566,0.34099999999999997,0.38649999999999995,0.5749999999999998,0.5895000000000001,0.34700000000000003,0.562,0.506
2024-08-20 14:00:00+00:00,0.4985,0.4775,0.507,0.41,0.47,0.27849999999999997,0.3725,0.482,0.502,0.35600000000000004,0.47600000000000003,0.368
2024-08-20 15:00:00+00:00,0.37650000000000006,0.34650000000000003,0.42100000000000004,0.26899999999999996,0.3273333333333333,0.196,0.32599999999999996,0.3746666666666667,0.38749999999999996,0.33299999999999996,0.35,0.213
2024-08-20 16:00:00+00:00,0.22899999999999998,0.201,0.3,0.15,0.18699999999999997,0.123,0.23199999999999998,0.23900000000000002,0.239,0.239,0.21,0.102
2024-08-20 17:00:00+00:00,0.0905,0.07400000000000001,0.159,0.064,0.06433333333333334,0.06,0.119,0.108,0.0985,0.114,0.07400000000000001,0.038
2024-08-20 18:00:00+00:00,0.004,0.0025,0.04,0.008,0.0013333333333333333,0.009500000000000001,0.023,0.014,0.006500000000000001,0.023,0.001,0.005
2024-08-20 19:00:00+00:00,0.0,0.0,0.0,0.0,0.0,0.0,0.0,0.0,0.0,0.0,0.0,0.0
2024-08-20 20:00:00+00:00,0.0,0.0,0.0,0.0,0.0,0.0,0.0,0.0,0.0,0.0,0.0,0.0
2024-08-20 21:00:00+00:00,0.0,0.0,0.0,0.0,0.0,0.0,0.0,0.0,0.0,0.0,0.0,0.0
2024-08-20 22:00:00+00:00,0.0,0.0,0.0,0.0,0.0,0.0,0.0,0.0,0.0,0.0,0.0,0.0
2024-08-20 23:00:00+00:00,0.0,0.0,0.0,0.0,0.0,0.0,0.0,0.0,0.0,0.0,0.0,0.0
2024-09-12 00:00:00+00:00,0.0,0.0,0.0,0.0,0.0,0.0,0.0,0.0,0.0,0.0,0.0,0.0
2024-09-12 01:00:00+00:00,0.0,0.0,0.0,0.0,0.0,0.0,0.0,0.0,0.0,0.0,0.0,0.0
2024-09-12 02:00:00+00:00,0.0,0.0,0.0,0.0,0.0,0.0,0.0,0.0,0.0,0.0,0.0,0.0
2024-09-12 03:00:00+00:00,0.0,0.0,0.0,0.0,0.0,0.0,0.0,0.0,0.0,0.0,0.0,0.0
2024-09-12 04:00:00+00:00,0.0,0.0,0.0,0.0,0.0,0.0,0.0,0.0,0.0,0.0,0.0,0.0
2024-09-12 05:00:00+00:00,0.001,0.006999999999999999,0.0,0.001,0.006000000000000001,0.0025,0.0005,0.0,0.0,0.0,0.001,0.002
2024-09-12 06:00:00+00:00,0.048,0.0895,0.052000000000000005,0.07200000000000001,0.07166666666666667,0.092,0.07849999999999999,0.055333333333333325,0.0475,0.065,0.028999999999999998,0.107
2024-09-12 07:00:00+00:00,0.1925,0.238,0.19,0.23600000000000002,0.23866666666666667,0.252,0.2245,0.18833333333333335,0.196,0.228,0.09300000000000001,0.265
2024-09-12 08:00:00+00:00,0.34850000000000003,0.4235,0.331,0.408,0.422,0.3975,0.356,0.3433333333333333,0.3685,0.384,0.262,0.41100000000000003
2024-09-12 09:00:00+00:00,0.4735,0.544,0.455,0.507,0.5313333333333333,0.487,0.44999999999999996,0.48833333333333334,0.462,0.495,0.445,0.496
2024-09-12 10:00:00+00:00,0.5800000000000001,0.591,0.525,0.55,0.5716666666666667,0.5275000000000001,0.507,0.588,0.558,0.555,0.601,0.519
2024-09-12 11:00:00+00:00,0.6185,0.577,0.545,0.544,0.559,0.5275000000000001,0.526,0.642,0.623,0.564,0.615,0.498
2024-09-12 12:00:00+00:00,0.608,0.524,0.534,0.483,0.524,0.4985,0.508,0.64,0.623,0.534,0.591,0.42100000000000004
2024-09-12 13:00:00+00:00,0.5485,0.44,0.523,0.41,0.44933333333333336,0.44399999999999995,0.45999999999999996,0.5893333333333333,0.601,0.48200000000000004,0.5579999999999999,0.39399999999999996
2024-09-12 14:00:00+00:00,0.4405,0.34950000000000003,0.46,0.33899999999999997,0.3483333333333334,0.3685,0.3855,0.49733333333333335,0.5235000000000001,0.395,0.491,0.33799999999999997
2024-09-12 15:00:00+00:00,0.307,0.2415,0.331,0.24600000000000002,0.239,0.26549999999999996,0.279,0.367,0.383,0.293,0.358,0.261
2024-09-12 16:00:00+00:00,0.16449999999999998,0.1255,0.201,0.139,0.12,0.14800000000000002,0.1535,0.2153333333333333,0.2175,0.14800000000000002,0.191,0.157
2024-09-12 17:00:00+00:00,0.032,0.025500000000000002,0.087,0.038,0.021666666666666667,0.038,0.041,0.06566666666666666,0.063,0.044000000000000004,0.036000000000000004,0.045
2024-09-12 18:00:00+00:00,0.0,0.0,0.003,0.0,0.0,0.0,0.0,0.0,0.0,0.0,0.0,0.0
2024-09-12 19:00:00+00:00,0.0,0.0,0.0,0.0,0.0,0.0,0.0,0.0,0.0,0.0,0.0,0.0
2024-09-12 20:00:00+00:00,0.0,0.0,0.0,0.0,0.0,0.0,0.0,0.0,0.0,0.0,0.0,0.0
2024-09-12 21:00:00+00:00,0.0,0.0,0.0,0.0,0.0,0.0,0.0,0.0,0.0,0.0,0.0,0.0
2024-09-12 22:00:00+00:00,0.0,0.0,0.0,0.0,0.0,0.0,0.0,0.0,0.0,0.0,0.0,0.0
2024-09-12 23:00:00+00:00,0.0,0.0,0.0,0.0,0.0,0.0,0.0,0.0,0.0,0.0,0.0,0.0
2024-10-02 00:00:00+00:00,0.0,0.0,0.0,0.0,0.0,0.0,0.0,0.0,0.0,0.0,0.0,0.0
2024-10-02 01:00:00+00:00,0.0,0.0,0.0,0.0,0.0,0.0,0.0,0.0,0.0,0.0,0.0,0.0
2024-10-02 02:00:00+00:00,0.0,0.0,0.0,0.0,0.0,0.0,0.0,0.0,0.0,0.0,0.0,0.0
2024-10-02 03:00:00+00:00,0.0,0.0,0.0,0.0,0.0,0.0,0.0,0.0,0.0,0.0,0.0,0.0
2024-10-02 04:00:00+00:00,0.0,0.0,0.0,0.0,0.0,0.0,0.0,0.0,0.0,0.0,0.0,0.0
2024-10-02 05:00:00+00:00,0.0,0.0,0.0,0.0,0.0,0.0,0.0,0.0,0.0,0.0,0.0,0.0
2024-10-02 06:00:00+00:00,0.021500000000000002,0.0165,0.004,0.008,0.011666666666666667,0.0165,0.0045000000000000005,0.01,0.0075,0.008,0.042,0.004
2024-10-02 07:00:00+00:00,0.128,0.0885,0.099,0.068,0.06366666666666666,0.119,0.069,0.10533333333333333,0.0485,0.11199999999999999,0.155,0.047
2024-10-02 08:00:00+00:00,0.2855,0.20500000000000002,0.233,0.154,0.15133333333333335,0.26949999999999996,0.183,0.27266666666666667,0.1365,0.263,0.249,0.12
2024-10-02 09:00:00+00:00,0.42400000000000004,0.318,0.366,0.255,0.25533333333333336,0.39549999999999996,0.29800000000000004,0.43366666666666664,0.2665,0.429,0.26899999999999996,0.242
2024-10-02 10:00:00+00:00,0.5395000000000001,0.391,0.48700000000000004,0.396,0.325,0.5,0.3935,0.5256666666666667,0.401,0.534,0.32,0.392
2024-10-02 11:00:00+00:00,0.618,0.4255,0.541,0.43200000000000005,0.3383333333333334,0.539,0.495,0.5796666666666667,0.443,0.5770000000000001,0.455,0.39299999999999996
2024-10-02 12:00:00+00:00,0.6074999999999999,0.366,0.556,0.452,0.326,0.5275,0.5225,0.5830000000000001,0.4175,0.518,0.526,0.379
2024-10-02 13:00:00+00:00,0.534,0.318,0.511,0.44799999999999995,0.27,0.466,0.506,0.5356666666666666,0.3755,0.522,0.488,0.371
2024-10-02 14:00:00+00:00,0.409,0.2485,0.44299999999999995,0.341,0.19866666666666669,0.36450000000000005,0.42300000000000004,0.4316666666666667,0.313,0.428,0.33899999999999997,0.27899999999999997
2024-10-02 15:00:00+00:00,0.2485,0.153,0.303,0.20600000000000002,0.11666666666666665,0.22,0.291,0.26733333333333337,0.19899999999999998,0.251,0.22699999999999998,0.125
2024-10-02 16:00:00+00:00,0.08549999999999999,0.046,0.141,0.07400000000000001,0.03333333333333333,0.063,0.1325,0.09200000000000001,0.0725,0.113,0.102,0.047
2024-10-02 17:00:00+00:00,0.001,0.0,0.024,0.003,0.0,0.001,0.012,0.005,0.0015,0.013999999999999999,0.001,0.001
2024-10-02 18:00:00+00:00,0.0,0.0,0.0,0.0,0.0,0.0,0.0,0.0,0.0,0.0,0.0,0.0
2024-10-02 19:00:00+00:00,0.0,0.0,0.0,0.0,0.0,0.0,0.0,0.0,0.0,0.0,0.0,0.0
2024-10-02 20:00:00+00:00,0.0,0.0,0.0,0.0,0.0,0.0,0.0,0.0,0.0,0.0,0.0,0.0
2024-10-02 21:00:00+00:00,0.0,0.0,0.0,0.0,0.0,0.0,0.0,0.0,0.0,0.0,0.0,0.0
2024-10-02 22:00:00+00:00,0.0,0.0,0.0,0.0,0.0,0.0,0.0,0.0,0.0,0.0,0.0,0.0
2024-10-02 23:00:00+00:00,0.0,0.0,0.0,0.0,0.0,0.0,0.0,0.0,0.0,0.0,0.0,0.0
2024-11-08 00:00:00+00:00,0.0,0.0,0.0,0.0,0.0,0.0,0.0,0.0,0.0,0.0,0.0,0.0
2024-11-08 01:00:00+00:00,0.0,0.0,0.0,0.0,0.0,0.0,0.0,0.0,0.0,0.0,0.0,0.0
2024-11-08 02:00:00+00:00,0.0,0.0,0.0,0.0,0.0,0.0,0.0,0.0,0.0,0.0,0.0,0.0
2024-11-08 03:00:00+00:00,0.0,0.0,0.0,0.0,0.0,0.0,0.0,0.0,0.0,0.0,0.0,0.0
2024-11-08 04:00:00+00:00,0.0,0.0,0.0,0.0,0.0,0.0,0.0,0.0,0.0,0.0,0.0,0.0
2024-11-08 05:00:00+00:00,0.0,0.0,0.0,0.0,0.0,0.0,0.0,0.0,0.0,0.0,0.0,0.0
2024-11-08 06:00:00+00:00,0.0,0.0,0.0,0.0,0.0,0.0,0.0,0.0,0.0,0.0,0.0,0.0
2024-11-08 07:00:00+00:00,0.0545,0.0285,0.002,0.011000000000000001,0.006666666666666668,0.0025,0.001,0.032,0.035,0.011000000000000001,0.035,0.002
2024-11-08 08:00:00+00:00,0.20650000000000002,0.11249999999999999,0.07,0.09,0.037,0.038,0.031000000000000003,0.17733333333333332,0.15,0.121,0.136,0.028999999999999998
2024-11-08 09:00:00+00:00,0.344,0.20750000000000002,0.195,0.19899999999999998,0.07433333333333333,0.079,0.09,0.31766666666666665,0.2605,0.27899999999999997,0.25,0.064
2024-11-08 10:00:00+00:00,0.43400000000000005,0.3105,0.313,0.29100000000000004,0.10866666666666668,0.10900000000000001,0.15050000000000002,0.3993333333333333,0.3305,0.386,0.33799999999999997,0.094
2024-11-08 11:00:00+00:00,0.472,0.35750000000000004,0.365,0.34,0.13133333333333333,0.14,0.188,0.428,0.368,0.415,0.387,0.114
2024-11-08 12:00:00+00:00,0.4485,0.361,0.35200000000000004,0.313,0.135,0.1605,0.189,0.40166666666666667,0.361,0.37799999999999995,0.382,0.125
2024-11-08 13:00:00+00:00,0.375,0.315,0.298,0.24600000000000002,0.11233333333333333,0.16249999999999998,0.153,0.3273333333333333,0.29600000000000004,0.307,0.325,0.10400000000000001
2024-11-08 14:00:00+00:00,0.2555,0.2195,0.18100000000000002,0.168,0.07266666666666667,0.11599999999999999,0.0965,0.20066666666666666,0.2025,0.195,0.22699999999999998,0.064
2024-11-08 15:00:00+00:00,0.11649999999999999,0.0945,0.08,0.078,0.023333333333333334,0.037000000000000005,0.037,0.08133333333333333,0.089,0.08199999999999999,0.10099999999999999,0.02
2024-11-08 16:00:00+00:00,0.0045000000000000005,0.001,0.012,0.005,0.0,0.0,0.0015,0.007,0.007,0.01,0.003,0.0
2024-11-08 17:00:00+00:00,0.0,0.0,0.0,0.0,0.0,0.0,0.0,0.0,0.0,0.0,0.0,0.0
2024-11-08 18:00:00+00:00,0.0,0.0,0.0,0.0,0.0,0.0,0.0,0.0,0.0,0.0,0.0,0.0
2024-11-08 19:00:00+00:00,0.0,0.0,0.0,0.0,0.0,0.0,0.0,0.0,0.0,0.0,0.0,0.0
2024-11-08 20:00:00+00:00,0.0,0.0,0.0,0.0,0.0,0.0,0.0,0.0,0.0,0.0,0.0,0.0
2024-11-08 21:00:00+00:00,0.0,0.0,0.0,0.0,0.0,0.0,0.0,0.0,0.0,0.0,0.0,0.0
2024-11-08 22:00:00+00:00,0.0,0.0,0.0,0.0,0.0,0.0,0.0,0.0,0.0,0.0,0.0,0.0
2024-11-08 23:00:00+00:00,0.0,0.0,0.0,0.0,0.0,0.0,0.0,0.0,0.0,0.0,0.0,0.0
2024-12-20 00:00:00+00:00,0.0,0.0,0.0,0.0,0.0,0.0,0.0,0.0,0.0,0.0,0.0,0.0
2024-12-20 01:00:00+00:00,0.0,0.0,0.0,0.0,0.0,0.0,0.0,0.0,0.0,0.0,0.0,0.0
2024-12-20 02:00:00+00:00,0.0,0.0,0.0,0.0,0.0,0.0,0.0,0.0,0.0,0.0,0.0,0.0
2024-12-20 03:00:00+00:00,0.0,0.0,0.0,0.0,0.0,0.0,0.0,0.0,0.0,0.0,0.0,0.0
2024-12-20 04:00:00+00:00,0.0,0.0,0.0,0.0,0.0,0.0,0.0,0.0,0.0,0.0,0.0,0.0
2024-12-20 05:00:00+00:00,0.0,0.0,0.0,0.0,0.0,0.0,0.0,0.0,0.0,0.0,0.0,0.0
2024-12-20 06:00:00+00:00,0.0,0.0,0.0,0.0,0.0,0.0,0.0,0.0,0.0,0.0,0.0,0.0
2024-12-20 07:00:00+00:00,0.0015,0.0,0.0,0.0,0.0003333333333333333,0.0,0.0,0.0,0.0105,0.0,0.049,0.0
2024-12-20 08:00:00+00:00,0.042,0.0245,0.005,0.008,0.021666666666666667,0.021,0.0175,0.024999999999999998,0.108,0.016,0.23800000000000002,0.016
2024-12-20 09:00:00+00:00,0.11850000000000002,0.07550000000000001,0.027999999999999997,0.039,0.06433333333333334,0.08050000000000002,0.067,0.08366666666666667,0.22299999999999998,0.07400000000000001,0.389,0.07200000000000001
2024-12-20 10:00:00+00:00,0.22949999999999998,0.148,0.076,0.081,0.13,0.1385,0.1005,0.156,0.315,0.17800000000000002,0.485,0.125
2024-12-20 11:00:00+00:00,0.3015,0.2385,0.124,0.145,0.24466666666666667,0.17200000000000001,0.099,0.2316666666666667,0.3725,0.256,0.519,0.177
2024-12-20 12:00:00+00:00,0.3355,0.27949999999999997,0.146,0.156,0.2866666666666667,0.1615,0.07700000000000001,0.23866666666666667,0.41100000000000003,0.215,0.498,0.19699999999999998
2024-12-20 13:00:00+00:00,0.3025,0.238,0.136,0.134,0.2353333333333333,0.11649999999999999,0.050499999999999996,0.19133333333333336,0.381,0.145,0.423,0.151
2024-12-20 14:00:00+00:00,0.2015,0.1305,0.066,0.065,0.11699999999999999,0.0505,0.0245,0.12533333333333335,0.2845,0.085,0.28800000000000003,0.066
2024-12-20 15:00:00+00:00,0.046,0.0155,0.013999999999999999,0.01,0.007333333333333333,0.001,0.004,0.04,0.1125,0.025,0.099,0.006
2024-12-20 16:00:00+00:00,0.0,0.0,0.0,0.0,0.0,0.0,0.0,0.0,0.0,0.0,0.0,0.0
2024-12-20 17:00:00+00:00,0.0,0.0,0.0,0.0,0.0,0.0,0.0,0.0,0.0,0.0,0.0,0.0
2024-12-20 18:00:00+00:00,0.0,0.0,0.0,0.0,0.0,0.0,0.0,0.0,0.0,0.0,0.0,0.0
2024-12-20 19:00:00+00:00,0.0,0.0,0.0,0.0,0.0,0.0,0.0,0.0,0.0,0.0,0.0,0.0
2024-12-20 20:00:00+00:00,0.0,0.0,0.0,0.0,0.0,0.0,0.0,0.0,0.0,0.0,0.0,0.0
2024-12-20 21:00:00+00:00,0.0,0.0,0.0,0.0,0.0,0.0,0.0,0.0,0.0,0.0,0.0,0.0
2024-12-20 22:00:00+00:00,0.0,0.0,0.0,0.0,0.0,0.0,0.0,0.0,0.0,0.0,0.0,0.0
2024-12-20 23:00:00+00:00,0.0,0.0,0.0,0.0,0.0,0.0,0.0,0.0,0.0,0.0,0.0,0.0
