datetime,date_only,heures,consommation
2024-01-15 00:00:00,2024-01-15,00:00,69232.0
2024-01-15 00:30:00,2024-01-15,00:30,68240.0
2024-01-15 01:00:00,2024-01-15,01:00,66144.0
2024-01-15 01:30:00,2024-01-15,01:30,65783.0
2024-01-15 02:00:00,2024-01-15,02:00,65542.0
2024-01-15 02:30:00,2024-01-15,02:30,65725.0
2024-01-15 03:00:00,2024-01-15,03:00,64447.0
2024-01-15 03:30:00,2024-01-15,03:30,63433.0
2024-01-15 04:00:00,2024-01-15,04:00,62444.0
2024-01-15 04:30:00,2024-01-15,04:30,62057.0
2024-01-15 05:00:00,2024-01-15,05:00,62021.0
2024-01-15 05:30:00,2024-01-15,05:30,63894.0
2024-01-15 06:00:00,2024-01-15,06:00,65341.0
2024-01-15 06:30:00,2024-01-15,06:30,68581.0
2024-01-15 07:00:00,2024-01-15,07:00,71392.0
2024-01-15 07:30:00,2024-01-15,07:30,74421.0
2024-01-15 08:00:00,2024-01-15,08:00,76334.0
2024-01-15 08:30:00,2024-01-15,08:30,77590.0
2024-01-15 09:00:00,2024-01-15,09:00,78084.0
2024-01-15 09:30:00,2024-01-15,09:30,78319.0
2024-01-15 10:00:00,2024-01-15,10:00,78640.0
2024-01-15 10:30:00,2024-01-15,10:30,78399.0
2024-01-15 11:00:00,2024-01-15,11:00,78080.0
2024-01-15 11:30:00,2024-01-15,11:30,77766.0
2024-01-15 12:00:00,2024-01-15,12:00,77660.0
2024-01-15 12:30:00,2024-01-15,12:30,77014.0
2024-01-15 13:00:00,2024-01-15,13:00,75518.0
2024-01-15 13:30:00,2024-01-15,13:30,74210.0
2024-01-15 14:00:00,2024-01-15,14:00,73340.0
2024-01-15 14:30:00,2024-01-15,14:30,73156.0
2024-01-15 15:00:00,2024-01-15,15:00,72761.0
2024-01-15 15:30:00,2024-01-15,15:30,72297.0
2024-01-15 16:00:00,2024-01-15,16:00,71543.0
2024-01-15 16:30:00,2024-01-15,16:30,71070.0
2024-01-15 17:00:00,2024-01-15,17:00,70915.0
2024-01-15 17:30:00,2024-01-15,17:30,72023.0
2024-01-15 18:00:00,2024-01-15,18:00,74273.0
2024-01-15 18:30:00,2024-01-15,18:30,76832.0
2024-01-15 19:00:00,2024-01-15,19:00,78973.0
2024-01-15 19:30:00,2024-01-15,19:30,79382.0
2024-01-15 20:00:00,2024-01-15,20:00,78028.0
2024-01-15 20:30:00,2024-01-15,20:30,76113.0
2024-01-15 21:00:00,2024-01-15,21:00,74174.0
2024-01-15 21:30:00,2024-01-15,21:30,72464.0
2024-01-15 22:00:00,2024-01-15,22:00,70978.0
2024-01-15 22:30:00,2024-01-15,22:30,70985.0
2024-01-15 23:00:00,2024-01-15,23:00,72316.0
2024-01-15 23:30:00,2024-01-15,23:30,71495.0
2024-02-27 00:00:00,2024-02-27,00:00,60465.0
2024-02-27 00:30:00,2024-02-27,00:30,59499.0
2024-02-27 01:00:00,2024-02-27,01:00,57221.0
2024-02-27 01:30:00,2024-02-27,01:30,57231.0
2024-02-27 02:00:00,2024-02-27,02:00,56920.0
2024-02-27 02:30:00,2024-02-27,02:30,56911.0
2024-02-27 03:00:00,2024-02-27,03:00,55607.0
2024-02-27 03:30:00,2024-02-27,03:30,54474.0
2024-02-27 04:00:00,2024-02-27,04:00,53512.0
2024-02-27 04:30:00,2024-02-27,04:30,53275.0
2024-02-27 05:00:00,2024-02-27,05:00,53197.0
2024-02-27 05:30:00,2024-02-27,05:30,54845.0
2024-02-27 06:00:00,2024-02-27,06:00,56168.0
2024-02-27 06:30:00,2024-02-27,06:30,58957.0
2024-02-27 07:00:00,2024-02-27,07:00,61172.0
2024-02-27 07:30:00,2024-02-27,07:30,63501.0
2024-02-27 08:00:00,2024-02-27,08:00,64733.0
2024-02-27 08:30:00,2024-02-27,08:30,65966.0
2024-02-27 09:00:00,2024-02-27,09:00,66906.0
2024-02-27 09:30:00,2024-02-27,09:30,67173.0
2024-02-27 10:00:00,2024-02-27,10:00,67366.0
2024-02-27 10:30:00,2024-02-27,10:30,67265.0
2024-02-27 11:00:00,2024-02-27,11:00,66990.0
2024-02-27 11:30:00,2024-02-27,11:30,67170.0
2024-02-27 12:00:00,2024-02-27,12:00,67344.0
2024-02-27 12:30:00,2024-02-27,12:30,66711.0
2024-02-27 13:00:00,2024-02-27,13:00,65337.0
2024-02-27 13:30:00,2024-02-27,13:30,64440.0
2024-02-27 14:00:00,2024-02-27,14:00,63784.0
2024-02-27 14:30:00,2024-02-27,14:30,63940.0
2024-02-27 15:00:00,2024-02-27,15:00,63550.0
2024-02-27 15:30:00,2024-02-27,15:30,63095.0
2024-02-27 16:00:00,2024-02-27,16:00,62102.0
2024-02-27 16:30:00,2024-02-27,16:30,61339.0
2024-02-27 17:00:00,2024-02-27,17:00,60813.0
2024-02-27 17:30:00,2024-02-27,17:30,60891.0
2024-02-27 18:00:00,2024-02-27,18:00,61859.0
2024-02-27 18:30:00,2024-02-27,18:30,63440.0
2024-02-27 19:00:00,2024-02-27,19:00,66698.0
2024-02-27 19:30:00,2024-02-27,19:30,68593.0
2024-02-27 20:00:00,2024-02-27,20:00,67775.0
2024-02-27 20:30:00,2024-02-27,20:30,65994.0
2024-02-27 21:00:00,2024-02-27,21:00,63905.0
2024-02-27 21:30:00,2024-02-27,21:30,62253.0
2024-02-27 22:00:00,2024-02-27,22:00,60795.0
2024-02-27 22:30:00,2024-02-27,22:30,60964.0
2024-02-27 23:00:00,2024-02-27,23:00,62282.0
2024-02-27 23:30:00,2024-02-27,23:30,61552.0
2024-03-28 00:00:00,2024-03-28,00:00,56662.0
2024-03-28 00:30:00,2024-03-28,00:30,55935.0
2024-03-28 01:00:00,2024-03-28,01:00,53358.0
2024-03-28 01:30:00,2024-03-28,01:30,52705.0
2024-03-28 02:00:00,2024-03-28,02:00,52358.0
2024-03-28 02:30:00,2024-03-28,02:30,52230.0
2024-03-28 03:00:00,2024-03-28,03:00,50812.0
2024-03-28 03:30:00,2024-03-28,03:30,49960.0
2024-03-28 04:00:00,2024-03-28,04:00,49049.0
2024-03-28 04:30:00,2024-03-28,04:30,48884.0
2024-03-28 05:00:00,2024-03-28,05:00,48948.0
2024-03-28 05:30:00,2024-03-28,05:30,50721.0
2024-03-28 06:00:00,2024-03-28,06:00,52141.0
2024-03-28 06:30:00,2024-03-28,06:30,54834.0
2024-03-28 07:00:00,2024-03-28,07:00,56698.0
2024-03-28 07:30:00,2024-03-28,07:30,59380.0
2024-03-28 08:00:00,2024-03-28,08:00,60878.0
2024-03-28 08:30:00,2024-03-28,08:30,61490.0
2024-03-28 09:00:00,2024-03-28,09:00,61649.0
2024-03-28 09:30:00,2024-03-28,09:30,61516.0
2024-03-28 10:00:00,2024-03-28,10:00,61153.0
2024-03-28 10:30:00,2024-03-28,10:30,60622.0
2024-03-28 11:00:00,2024-03-28,11:00,60227.0
2024-03-28 11:30:00,2024-03-28,11:30,60504.0
2024-03-28 12:00:00,2024-03-28,12:00,60540.0
2024-03-28 12:30:00,2024-03-28,12:30,60852.0
2024-03-28 13:00:00,2024-03-28,13:00,60999.0
2024-03-28 13:30:00,2024-03-28,13:30,59658.0
2024-03-28 14:00:00,2024-03-28,14:00,58536.0
2024-03-28 14:30:00,2024-03-28,14:30,57534.0
2024-03-28 15:00:00,2024-03-28,15:00,56232.0
2024-03-28 15:30:00,2024-03-28,15:30,55493.0
2024-03-28 16:00:00,2024-03-28,16:00,54464.0
2024-03-28 16:30:00,2024-03-28,16:30,53802.0
2024-03-28 17:00:00,2024-03-28,17:00,53367.0
2024-03-28 17:30:00,2024-03-28,17:30,53621.0
2024-03-28 18:00:00,2024-03-28,18:00,54344.0
2024-03-28 18:30:00,2024-03-28,18:30,56269.0
2024-03-28 19:00:00,2024-03-28,19:00,59057.0
2024-03-28 19:30:00,2024-03-28,19:30,61142.0
2024-03-28 20:00:00,2024-03-28,20:00,61053.0
2024-03-28 20:30:00,2024-03-28,20:30,59590.0
2024-03-28 21:00:00,2024-03-28,21:00,57922.0
2024-03-28 21:30:00,2024-03-28,21:30,56486.0
2024-03-28 22:00:00,2024-03-28,22:00,55171.0
2024-03-28 22:30:00,2024-03-28,22:30,55092.0
2024-03-28 23:00:00,2024-03-28,23:00,56158.0
2024-03-28 23:30:00,2024-03-28,23:30,55364.0
2024-04-18 00:00:00,2024-04-18,00:00,52148.0
2024-04-18 00:30:00,2024-04-18,00:30,51074.0
2024-04-18 01:00:00,2024-04-18,01:00,48534.0
2024-04-18 01:30:00,2024-04-18,01:30,47933.0
2024-04-18 02:00:00,2024-04-18,02:00,47459.0
2024-04-18 02:30:00,2024-04-18,02:30,47163.0
2024-04-18 03:00:00,2024-04-18,03:00,45981.0
2024-04-18 03:30:00,2024-04-18,03:30,45099.0
2024-04-18 04:00:00,2024-04-18,04:00,44374.0
2024-04-18 04:30:00,2024-04-18,04:30,44056.0
2024-04-18 05:00:00,2024-04-18,05:00,44125.0
2024-04-18 05:30:00,2024-04-18,05:30,45559.0
2024-04-18 06:00:00,2024-04-18,06:00,46930.0
2024-04-18 06:30:00,2024-04-18,06:30,49712.0
2024-04-18 07:00:00,2024-04-18,07:00,51733.0
2024-04-18 07:30:00,2024-04-18,07:30,54068.0
2024-04-18 08:00:00,2024-04-18,08:00,55650.0
2024-04-18 08:30:00,2024-04-18,08:30,56859.0
2024-04-18 09:00:00,2024-04-18,09:00,57298.0
2024-04-18 09:30:00,2024-04-18,09:30,57484.0
2024-04-18 10:00:00,2024-04-18,10:00,57559.0
2024-04-18 10:30:00,2024-04-18,10:30,57433.0
2024-04-18 11:00:00,2024-04-18,11:00,57419.0
2024-04-18 11:30:00,2024-04-18,11:30,57655.0
2024-04-18 12:00:00,2024-04-18,12:00,57871.0
2024-04-18 12:30:00,2024-04-18,12:30,57899.0
2024-04-18 13:00:00,2024-04-18,13:00,58169.0
2024-04-18 13:30:00,2024-04-18,13:30,57062.0
2024-04-18 14:00:00,2024-04-18,14:00,55930.0
2024-04-18 14:30:00,2024-04-18,14:30,55175.0
2024-04-18 15:00:00,2024-04-18,15:00,54176.0
2024-04-18 15:30:00,2024-04-18,15:30,53105.0
2024-04-18 16:00:00,2024-04-18,16:00,52070.0
2024-04-18 16:30:00,2024-04-18,16:30,51109.0
2024-04-18 17:00:00,2024-04-18,17:00,50386.0
2024-04-18 17:30:00,2024-04-18,17:30,49843.0
2024-04-18 18:00:00,2024-04-18,18:00,50045.0
2024-04-18 18:30:00,2024-04-18,18:30,50868.0
2024-04-18 19:00:00,2024-04-18,19:00,52249.0
2024-04-18 19:30:00,2024-04-18,19:30,53025.0
2024-04-18 20:00:00,2024-04-18,20:00,52955.0
2024-04-18 20:30:00,2024-04-18,20:30,52613.0
2024-04-18 21:00:00,2024-04-18,21:00,52366.0
2024-04-18 21:30:00,2024-04-18,21:30,52763.0
2024-04-18 22:00:00,2024-04-18,22:00,51925.0
2024-04-18 22:30:00,2024-04-18,22:30,52349.0
2024-04-18 23:00:00,2024-04-18,23:00,53608.0
2024-04-18 23:30:00,2024-04-18,23:30,53067.0
2024-05-23 00:00:00,2024-05-23,00:00,45167.0
2024-05-23 00:30:00,2024-05-23,00:30,43814.0
2024-05-23 01:00:00,2024-05-23,01:00,41376.0
2024-05-23 01:30:00,2024-05-23,01:30,40643.0
2024-05-23 02:00:00,2024-05-23,02:00,40009.0
2024-05-23 02:30:00,2024-05-23,02:30,39636.0
2024-05-23 03:00:00,2024-05-23,03:00,38250.0
2024-05-23 03:30:00,2024-05-23,03:30,37381.0
2024-05-23 04:00:00,2024-05-23,04:00,36496.0
2024-05-23 04:30:00,2024-05-23,04:30,36196.0
2024-05-23 05:00:00,2024-05-23,05:00,36083.0
2024-05-23 05:30:00,2024-05-23,05:30,37108.0
2024-05-23 06:00:00,2024-05-23,06:00,38018.0
2024-05-23 06:30:00,2024-05-23,06:30,40035.0
2024-05-23 07:00:00,2024-05-23,07:00,42056.0
2024-05-23 07:30:00,2024-05-23,07:30,44805.0
2024-05-23 08:00:00,2024-05-23,08:00,46379.0
2024-05-23 08:30:00,2024-05-23,08:30,47746.0
2024-05-23 09:00:00,2024-05-23,09:00,48402.0
2024-05-23 09:30:00,2024-05-23,09:30,48964.0
2024-05-23 10:00:00,2024-05-23,10:00,49249.0
2024-05-23 10:30:00,2024-05-23,10:30,49369.0
2024-05-23 11:00:00,2024-05-23,11:00,49524.0
2024-05-23 11:30:00,2024-05-23,11:30,49931.0
2024-05-23 12:00:00,2024-05-23,12:00,50374.0
2024-05-23 12:30:00,2024-05-23,12:30,50815.0
2024-05-23 13:00:00,2024-05-23,13:00,51459.0
2024-05-23 13:30:00,2024-05-23,13:30,50617.0
2024-05-23 14:00:00,2024-05-23,14:00,49712.0
2024-05-23 14:30:00,2024-05-23,14:30,49254.0
2024-05-23 15:00:00,2024-05-23,15:00,48478.0
2024-05-23 15:30:00,2024-05-23,15:30,47770.0
2024-05-23 16:00:00,2024-05-23,16:00,46889.0
2024-05-23 16:30:00,2024-05-23,16:30,46150.0
2024-05-23 17:00:00,2024-05-23,17:00,45531.0
2024-05-23 17:30:00,2024-05-23,17:30,45291.0
2024-05-23 18:00:00,2024-05-23,18:00,45472.0
2024-05-23 18:30:00,2024-05-23,18:30,46259.0
2024-05-23 19:00:00,2024-05-23,19:00,47591.0
2024-05-23 19:30:00,2024-05-23,19:30,48058.0
2024-05-23 20:00:00,2024-05-23,20:00,47603.0
2024-05-23 20:30:00,2024-05-23,20:30,46412.0
2024-05-23 21:00:00,2024-05-23,21:00,45049.0
2024-05-23 21:30:00,2024-05-23,21:30,44595.0
2024-05-23 22:00:00,2024-05-23,22:00,44392.0
2024-05-23 22:30:00,2024-05-23,22:30,45278.0
2024-05-23 23:00:00,2024-05-23,23:00,46392.0
2024-05-23 23:30:00,2024-05-23,23:30,45964.0
2024-06-05 00:00:00,2024-06-05,00:00,44059.0
2024-06-05 00:30:00,2024-06-05,00:30,42562.0
2024-06-05 01:00:00,2024-06-05,01:00,39912.0
2024-06-05 01:30:00,2024-06-05,01:30,39144.0
2024-06-05 02:00:00,2024-06-05,02:00,38476.0
2024-06-05 02:30:00,2024-06-05,02:30,38059.0
2024-06-05 03:00:00,2024-06-05,03:00,36672.0
2024-06-05 03:30:00,2024-06-05,03:30,35832.0
2024-06-05 04:00:00,2024-06-05,04:00,35131.0
2024-06-05 04:30:00,2024-06-05,04:30,34773.0
2024-06-05 05:00:00,2024-06-05,05:00,34724.0
2024-06-05 05:30:00,2024-06-05,05:30,35629.0
2024-06-05 06:00:00,2024-06-05,06:00,36429.0
2024-06-05 06:30:00,2024-06-05,06:30,38301.0
2024-06-05 07:00:00,2024-06-05,07:00,40230.0
2024-06-05 07:30:00,2024-06-05,07:30,42622.0
2024-06-05 08:00:00,2024-06-05,08:00,44383.0
2024-06-05 08:30:00,2024-06-05,08:30,46162.0
2024-06-05 09:00:00,2024-06-05,09:00,47157.0
2024-06-05 09:30:00,2024-06-05,09:30,47855.0
2024-06-05 10:00:00,2024-06-05,10:00,48254.0
2024-06-05 10:30:00,2024-06-05,10:30,48512.0
2024-06-05 11:00:00,2024-06-05,11:00,48801.0
2024-06-05 11:30:00,2024-06-05,11:30,49238.0
2024-06-05 12:00:00,2024-06-05,12:00,49901.0
2024-06-05 12:30:00,2024-06-05,12:30,50527.0
2024-06-05 13:00:00,2024-06-05,13:00,51131.0
2024-06-05 13:30:00,2024-06-05,13:30,50223.0
2024-06-05 14:00:00,2024-06-05,14:00,49445.0
2024-06-05 14:30:00,2024-06-05,14:30,49040.0
2024-06-05 15:00:00,2024-06-05,15:00,48194.0
2024-06-05 15:30:00,2024-06-05,15:30,47680.0
2024-06-05 16:00:00,2024-06-05,16:00,46898.0
2024-06-05 16:30:00,2024-06-05,16:30,46103.0
2024-06-05 17:00:00,2024-06-05,17:00,45576.0
2024-06-05 17:30:00,2024-06-05,17:30,45493.0
2024-06-05 18:00:00,2024-06-05,18:00,45604.0
2024-06-05 18:30:00,2024-06-05,18:30,46083.0
2024-06-05 19:00:00,2024-06-05,19:00,47118.0
2024-06-05 19:30:00,2024-06-05,19:30,47638.0
2024-06-05 20:00:00,2024-06-05,20:00,47074.0
2024-06-05 20:30:00,2024-06-05,20:30,45930.0
2024-06-05 21:00:00,2024-06-05,21:00,44616.0
2024-06-05 21:30:00,2024-06-05,21:30,43747.0
2024-06-05 22:00:00,2024-06-05,22:00,43554.0
2024-06-05 22:30:00,2024-06-05,22:30,44720.0
2024-06-05 23:00:00,2024-06-05,23:00,46123.0
2024-06-05 23:30:00,2024-06-05,23:30,45455.0
2024-07-24 00:00:00,2024-07-24,00:00,45256.0
2024-07-24 00:30:00,2024-07-24,00:30,43589.0
2024-07-24 01:00:00,2024-07-24,01:00,40806.0
2024-07-24 01:30:00,2024-07-24,01:30,40011.0
2024-07-24 02:00:00,2024-07-24,02:00,39361.0
2024-07-24 02:30:00,2024-07-24,02:30,38768.0
2024-07-24 03:00:00,2024-07-24,03:00,37544.0
2024-07-24 03:30:00,2024-07-24,03:30,36824.0
2024-07-24 04:00:00,2024-07-24,04:00,36087.0
2024-07-24 04:30:00,2024-07-24,04:30,35704.0
2024-07-24 05:00:00,2024-07-24,05:00,35594.0
2024-07-24 05:30:00,2024-07-24,05:30,36591.0
2024-07-24 06:00:00,2024-07-24,06:00,37380.0
2024-07-24 06:30:00,2024-07-24,06:30,38608.0
2024-07-24 07:00:00,2024-07-24,07:00,39784.0
2024-07-24 07:30:00,2024-07-24,07:30,41602.0
2024-07-24 08:00:00,2024-07-24,08:00,43320.0
2024-07-24 08:30:00,2024-07-24,08:30,45124.0
2024-07-24 09:00:00,2024-07-24,09:00,46641.0
2024-07-24 09:30:00,2024-07-24,09:30,47701.0
2024-07-24 10:00:00,2024-07-24,10:00,48605.0
2024-07-24 10:30:00,2024-07-24,10:30,49414.0
2024-07-24 11:00:00,2024-07-24,11:00,50066.0
2024-07-24 11:30:00,2024-07-24,11:30,50580.0
2024-07-24 12:00:00,2024-07-24,12:00,51386.0
2024-07-24 12:30:00,2024-07-24,12:30,52022.0
2024-07-24 13:00:00,2024-07-24,13:00,52666.0
2024-07-24 13:30:00,2024-07-24,13:30,51934.0
2024-07-24 14:00:00,2024-07-24,14:00,51412.0
2024-07-24 14:30:00,2024-07-24,14:30,51382.0
2024-07-24 15:00:00,2024-07-24,15:00,50903.0
2024-07-24 15:30:00,2024-07-24,15:30,50393.0
2024-07-24 16:00:00,2024-07-24,16:00,49683.0
2024-07-24 16:30:00,2024-07-24,16:30,49110.0
2024-07-24 17:00:00,2024-07-24,17:00,48633.0
2024-07-24 17:30:00,2024-07-24,17:30,48106.0
2024-07-24 18:00:00,2024-07-24,18:00,48220.0
2024-07-24 18:30:00,2024-07-24,18:30,48601.0
2024-07-24 19:00:00,2024-07-24,19:00,49173.0
2024-07-24 19:30:00,2024-07-24,19:30,49225.0
2024-07-24 20:00:00,2024-07-24,20:00,48706.0
2024-07-24 20:30:00,2024-07-24,20:30,47514.0
2024-07-24 21:00:00,2024-07-24,21:00,46215.0
2024-07-24 21:30:00,2024-07-24,21:30,45434.0
2024-07-24 22:00:00,2024-07-24,22:00,45288.0
2024-07-24 22:30:00,2024-07-24,22:30,46410.0
2024-07-24 23:00:00,2024-07-24,23:00,47589.0
2024-07-24 23:30:00,2024-07-24,23:30,46556.0
2024-08-09 00:00:00,2024-08-09,00:00,43354.0
2024-08-09 00:30:00,2024-08-09,00:30,41690.0
2024-08-09 01:00:00,2024-08-09,01:00,39107.0
2024-08-09 01:30:00,2024-08-09,01:30,38440.0
2024-08-09 02:00:00,2024-08-09,02:00,37787.0
2024-08-09 02:30:00,2024-08-09,02:30,37234.0
2024-08-09 03:00:00,2024-08-09,03:00,35972.0
2024-08-09 03:30:00,2024-08-09,03:30,35072.0
2024-08-09 04:00:00,2024-08-09,04:00,34419.0
2024-08-09 04:30:00,2024-08-09,04:30,34040.0
2024-08-09 05:00:00,2024-08-09,05:00,33972.0
2024-08-09 05:30:00,2024-08-09,05:30,34679.0
2024-08-09 06:00:00,2024-08-09,06:00,35289.0
2024-08-09 06:30:00,2024-08-09,06:30,36611.0
2024-08-09 07:00:00,2024-08-09,07:00,37232.0
2024-08-09 07:30:00,2024-08-09,07:30,38422.0
2024-08-09 08:00:00,2024-08-09,08:00,39704.0
2024-08-09 08:30:00,2024-08-09,08:30,41172.0
2024-08-09 09:00:00,2024-08-09,09:00,42535.0
2024-08-09 09:30:00,2024-08-09,09:30,43930.0
2024-08-09 10:00:00,2024-08-09,10:00,44817.0
2024-08-09 10:30:00,2024-08-09,10:30,45747.0
2024-08-09 11:00:00,2024-08-09,11:00,46382.0
2024-08-09 11:30:00,2024-08-09,11:30,47040.0
2024-08-09 12:00:00,2024-08-09,12:00,47849.0
2024-08-09 12:30:00,2024-08-09,12:30,48878.0
2024-08-09 13:00:00,2024-08-09,13:00,49639.0
2024-08-09 13:30:00,2024-08-09,13:30,48886.0
2024-08-09 14:00:00,2024-08-09,14:00,48228.0
2024-08-09 14:30:00,2024-08-09,14:30,48296.0
2024-08-09 15:00:00,2024-08-09,15:00,47800.0
2024-08-09 15:30:00,2024-08-09,15:30,47437.0
2024-08-09 16:00:00,2024-08-09,16:00,46771.0
2024-08-09 16:30:00,2024-08-09,16:30,46499.0
2024-08-09 17:00:00,2024-08-09,17:00,46116.0
2024-08-09 17:30:00,2024-08-09,17:30,45979.0
2024-08-09 18:00:00,2024-08-09,18:00,46171.0
2024-08-09 18:30:00,2024-08-09,18:30,46338.0
2024-08-09 19:00:00,2024-08-09,19:00,46681.0
2024-08-09 19:30:00,2024-08-09,19:30,46566.0
2024-08-09 20:00:00,2024-08-09,20:00,45935.0
2024-08-09 20:30:00,2024-08-09,20:30,44953.0
2024-08-09 21:00:00,2024-08-09,21:00,43843.0
2024-08-09 21:30:00,2024-08-09,21:30,43760.0
2024-08-09 22:00:00,2024-08-09,22:00,43789.0
2024-08-09 22:30:00,2024-08-09,22:30,44382.0
2024-08-09 23:00:00,2024-08-09,23:00,45230.0
2024-08-09 23:30:00,2024-08-09,23:30,44244.0
2024-09-18 00:00:00,2024-09-18,00:00,44059.0
2024-09-18 00:30:00,2024-09-18,00:30,42513.0
2024-09-18 01:00:00,2024-09-18,01:00,40086.0
2024-09-18 01:30:00,2024-09-18,01:30,39227.0
2024-09-18 02:00:00,2024-09-18,02:00,38682.0
2024-09-18 02:30:00,2024-09-18,02:30,38332.0
2024-09-18 03:00:00,2024-09-18,03:00,37215.0
2024-09-18 03:30:00,2024-09-18,03:30,36411.0
2024-09-18 04:00:00,2024-09-18,04:00,35719.0
2024-09-18 04:30:00,2024-09-18,04:30,35420.0
2024-09-18 05:00:00,2024-09-18,05:00,35406.0
2024-09-18 05:30:00,2024-09-18,05:30,36398.0
2024-09-18 06:00:00,2024-09-18,06:00,37638.0
2024-09-18 06:30:00,2024-09-18,06:30,40186.0
2024-09-18 07:00:00,2024-09-18,07:00,42535.0
2024-09-18 07:30:00,2024-09-18,07:30,44782.0
2024-09-18 08:00:00,2024-09-18,08:00,45845.0
2024-09-18 08:30:00,2024-09-18,08:30,47204.0
2024-09-18 09:00:00,2024-09-18,09:00,48244.0
2024-09-18 09:30:00,2024-09-18,09:30,48779.0
2024-09-18 10:00:00,2024-09-18,10:00,49186.0
2024-09-18 10:30:00,2024-09-18,10:30,49644.0
2024-09-18 11:00:00,2024-09-18,11:00,49906.0
2024-09-18 11:30:00,2024-09-18,11:30,50263.0
2024-09-18 12:00:00,2024-09-18,12:00,50896.0
2024-09-18 12:30:00,2024-09-18,12:30,51420.0
2024-09-18 13:00:00,2024-09-18,13:00,52125.0
2024-09-18 13:30:00,2024-09-18,13:30,51060.0
2024-09-18 14:00:00,2024-09-18,14:00,50344.0
2024-09-18 14:30:00,2024-09-18,14:30,49879.0
2024-09-18 15:00:00,2024-09-18,15:00,48984.0
2024-09-18 15:30:00,2024-09-18,15:30,48359.0
2024-09-18 16:00:00,2024-09-18,16:00,47597.0
2024-09-18 16:30:00,2024-09-18,16:30,46861.0
2024-09-18 17:00:00,2024-09-18,17:00,46341.0
2024-09-18 17:30:00,2024-09-18,17:30,45740.0
2024-09-18 18:00:00,2024-09-18,18:00,46085.0
2024-09-18 18:30:00,2024-09-18,18:30,46819.0
2024-09-18 19:00:00,2024-09-18,19:00,48158.0
2024-09-18 19:30:00,2024-09-18,19:30,48932.0
2024-09-18 20:00:00,2024-09-18,20:00,48785.0
2024-09-18 20:30:00,2024-09-18,20:30,48689.0
2024-09-18 21:00:00,2024-09-18,21:00,47449.0
2024-09-18 21:30:00,2024-09-18,21:30,46030.0
2024-09-18 22:00:00,2024-09-18,22:00,44664.0
2024-09-18 22:30:00,2024-09-18,22:30,44794.0
2024-09-18 23:00:00,2024-09-18,23:00,45781.0
2024-09-18 23:30:00,2024-09-18,23:30,44876.0
2024-10-16 00:00:00,2024-10-16,00:00,45643.0
2024-10-16 00:30:00,2024-10-16,00:30,44380.0
2024-10-16 01:00:00,2024-10-16,01:00,41720.0
2024-10-16 01:30:00,2024-10-16,01:30,40704.0
2024-10-16 02:00:00,2024-10-16,02:00,40174.0
2024-10-16 02:30:00,2024-10-16,02:30,39788.0
2024-10-16 03:00:00,2024-10-16,03:00,38551.0
2024-10-16 03:30:00,2024-10-16,03:30,37706.0
2024-10-16 04:00:00,2024-10-16,04:00,36938.0
2024-10-16 04:30:00,2024-10-16,04:30,36570.0
2024-10-16 05:00:00,2024-10-16,05:00,36615.0
2024-10-16 05:30:00,2024-10-16,05:30,37682.0
2024-10-16 06:00:00,2024-10-16,06:00,38939.0
2024-10-16 06:30:00,2024-10-16,06:30,41536.0
2024-10-16 07:00:00,2024-10-16,07:00,43931.0
2024-10-16 07:30:00,2024-10-16,07:30,46520.0
2024-10-16 08:00:00,2024-10-16,08:00,48313.0
2024-10-16 08:30:00,2024-10-16,08:30,49231.0
2024-10-16 09:00:00,2024-10-16,09:00,49844.0
2024-10-16 09:30:00,2024-10-16,09:30,50429.0
2024-10-16 10:00:00,2024-10-16,10:00,50605.0
2024-10-16 10:30:00,2024-10-16,10:30,50893.0
2024-10-16 11:00:00,2024-10-16,11:00,51113.0
2024-10-16 11:30:00,2024-10-16,11:30,51489.0
2024-10-16 12:00:00,2024-10-16,12:00,52239.0
2024-10-16 12:30:00,2024-10-16,12:30,52676.0
2024-10-16 13:00:00,2024-10-16,13:00,53148.0
2024-10-16 13:30:00,2024-10-16,13:30,52104.0
2024-10-16 14:00:00,2024-10-16,14:00,51198.0
2024-10-16 14:30:00,2024-10-16,14:30,50545.0
2024-10-16 15:00:00,2024-10-16,15:00,49712.0
2024-10-16 15:30:00,2024-10-16,15:30,49226.0
2024-10-16 16:00:00,2024-10-16,16:00,48382.0
2024-10-16 16:30:00,2024-10-16,16:30,47711.0
2024-10-16 17:00:00,2024-10-16,17:00,47279.0
2024-10-16 17:30:00,2024-10-16,17:30,46897.0
2024-10-16 18:00:00,2024-10-16,18:00,47297.0
2024-10-16 18:30:00,2024-10-16,18:30,48381.0
2024-10-16 19:00:00,2024-10-16,19:00,50361.0
2024-10-16 19:30:00,2024-10-16,19:30,52369.0
2024-10-16 20:00:00,2024-10-16,20:00,52111.0
2024-10-16 20:30:00,2024-10-16,20:30,50283.0
2024-10-16 21:00:00,2024-10-16,21:00,48303.0
2024-10-16 21:30:00,2024-10-16,21:30,46857.0
2024-10-16 22:00:00,2024-10-16,22:00,45437.0
2024-10-16 22:30:00,2024-10-16,22:30,45662.0
2024-10-16 23:00:00,2024-10-16,23:00,46672.0
2024-10-16 23:30:00,2024-10-16,23:30,45946.0
2024-11-13 00:00:00,2024-11-13,00:00,55289.0
2024-11-13 00:30:00,2024-11-13,00:30,53896.0
2024-11-13 01:00:00,2024-11-13,01:00,51372.0
2024-11-13 01:30:00,2024-11-13,01:30,50646.0
2024-11-13 02:00:00,2024-11-13,02:00,49839.0
2024-11-13 02:30:00,2024-11-13,02:30,49498.0
2024-11-13 03:00:00,2024-11-13,03:00,48276.0
2024-11-13 03:30:00,2024-11-13,03:30,47514.0
2024-11-13 04:00:00,2024-11-13,04:00,46782.0
2024-11-13 04:30:00,2024-11-13,04:30,46733.0
2024-11-13 05:00:00,2024-11-13,05:00,46842.0
2024-11-13 05:30:00,2024-11-13,05:30,48662.0
2024-11-13 06:00:00,2024-11-13,06:00,50060.0
2024-11-13 06:30:00,2024-11-13,06:30,53134.0
2024-11-13 07:00:00,2024-11-13,07:00,55798.0
2024-11-13 07:30:00,2024-11-13,07:30,58527.0
2024-11-13 08:00:00,2024-11-13,08:00,60116.0
2024-11-13 08:30:00,2024-11-13,08:30,60950.0
2024-11-13 09:00:00,2024-11-13,09:00,61859.0
2024-11-13 09:30:00,2024-11-13,09:30,62595.0
2024-11-13 10:00:00,2024-11-13,10:00,62696.0
2024-11-13 10:30:00,2024-11-13,10:30,62611.0
2024-11-13 11:00:00,2024-11-13,11:00,62677.0
2024-11-13 11:30:00,2024-11-13,11:30,62926.0
2024-11-13 12:00:00,2024-11-13,12:00,63185.0
2024-11-13 12:30:00,2024-11-13,12:30,63492.0
2024-11-13 13:00:00,2024-11-13,13:00,63866.0
2024-11-13 13:30:00,2024-11-13,13:30,62795.0
2024-11-13 14:00:00,2024-11-13,14:00,61681.0
2024-11-13 14:30:00,2024-11-13,14:30,60924.0
2024-11-13 15:00:00,2024-11-13,15:00,59955.0
2024-11-13 15:30:00,2024-11-13,15:30,59328.0
2024-11-13 16:00:00,2024-11-13,16:00,58596.0
2024-11-13 16:30:00,2024-11-13,16:30,58184.0
2024-11-13 17:00:00,2024-11-13,17:00,58414.0
2024-11-13 17:30:00,2024-11-13,17:30,59553.0
2024-11-13 18:00:00,2024-11-13,18:00,62061.0
2024-11-13 18:30:00,2024-11-13,18:30,64088.0
2024-11-13 19:00:00,2024-11-13,19:00,65745.0
2024-11-13 19:30:00,2024-11-13,19:30,65866.0
2024-11-13 20:00:00,2024-11-13,20:00,64516.0
2024-11-13 20:30:00,2024-11-13,20:30,62430.0
2024-11-13 21:00:00,2024-11-13,21:00,60311.0
2024-11-13 21:30:00,2024-11-13,21:30,58726.0
2024-11-13 22:00:00,2024-11-13,22:00,57460.0
2024-11-13 22:30:00,2024-11-13,22:30,57547.0
2024-11-13 23:00:00,2024-11-13,23:00,58518.0
2024-11-13 23:30:00,2024-11-13,23:30,57764.0
2024-12-23 00:00:00,2024-12-23,00:00,60167.0
2024-12-23 00:30:00,2024-12-23,00:30,59411.0
2024-12-23 01:00:00,2024-12-23,01:00,57326.0
2024-12-23 01:30:00,2024-12-23,01:30,56582.0
2024-12-23 02:00:00,2024-12-23,02:00,55936.0
2024-12-23 02:30:00,2024-12-23,02:30,55743.0
2024-12-23 03:00:00,2024-12-23,03:00,54439.0
2024-12-23 03:30:00,2024-12-23,03:30,53619.0
2024-12-23 04:00:00,2024-12-23,04:00,52758.0
2024-12-23 04:30:00,2024-12-23,04:30,52576.0
2024-12-23 05:00:00,2024-12-23,05:00,52609.0
2024-12-23 05:30:00,2024-12-23,05:30,54034.0
2024-12-23 06:00:00,2024-12-23,06:00,55053.0
2024-12-23 06:30:00,2024-12-23,06:30,57385.0
2024-12-23 07:00:00,2024-12-23,07:00,59105.0
2024-12-23 07:30:00,2024-12-23,07:30,61005.0
2024-12-23 08:00:00,2024-12-23,08:00,62882.0
2024-12-23 08:30:00,2024-12-23,08:30,64361.0
2024-12-23 09:00:00,2024-12-23,09:00,65344.0
2024-12-23 09:30:00,2024-12-23,09:30,66160.0
2024-12-23 10:00:00,2024-12-23,10:00,66673.0
2024-12-23 10:30:00,2024-12-23,10:30,66815.0
2024-12-23 11:00:00,2024-12-23,11:00,66693.0
2024-12-23 11:30:00,2024-12-23,11:30,66859.0
2024-12-23 12:00:00,2024-12-23,12:00,67162.0
2024-12-23 12:30:00,2024-12-23,12:30,67575.0
2024-12-23 13:00:00,2024-12-23,13:00,67969.0
2024-12-23 13:30:00,2024-12-23,13:30,66654.0
2024-12-23 14:00:00,2024-12-23,14:00,65260.0
2024-12-23 14:30:00,2024-12-23,14:30,64712.0
2024-12-23 15:00:00,2024-12-23,15:00,63759.0
2024-12-23 15:30:00,2024-12-23,15:30,63203.0
2024-12-23 16:00:00,2024-12-23,16:00,62463.0
2024-12-23 16:30:00,2024-12-23,16:30,62336.0
2024-12-23 17:00:00,2024-12-23,17:00,62577.0
2024-12-23 17:30:00,2024-12-23,17:30,63934.0
2024-12-23 18:00:00,2024-12-23,18:00,65511.0
2024-12-23 18:30:00,2024-12-23,18:30,66490.0
2024-12-23 19:00:00,2024-12-23,19:00,67456.0
2024-12-23 19:30:00,2024-12-23,19:30,67674.0
2024-12-23 20:00:00,2024-12-23,20:00,66618.0
2024-12-23 20:30:00,2024-12-23,20:30,64841.0
2024-12-23 21:00:00,2024-12-23,21:00,62897.0
2024-12-23 21:30:00,2024-12-23,21:30,61641.0
2024-12-23 22:00:00,2024-12-23,22:00,60419.0
2024-12-23 22:30:00,2024-12-23,22:30,60973.0
2024-12-23 23:00:00,2024-12-23,23:00,61919.0
2024-12-23 23:30:00,2024-12-23,23:30,61217.0
