Type ouvrage;Code ligne 1;Nom ligne 1;Etat;TENSION;Nombre circuit;Code ligne 2;Nom ligne 2;Code ligne 3;Nom ligne 3;Code ligne 4;Nom ligne 4;Code ligne 5;Nom ligne 5
SOUTERRAIN;CHEVIL61VLEJU;LIAISON 225kV N0 1 CHEVILLY-VILLEJUST;EN EXPLOITATION;225kV;1;;;;;;;;
SOUTERRAIN;FOCH L61PUTEA;LIAISON 225kV N0 1 FOCH-PUTEAUX;EN EXPLOITATION;225kV;1;;;;;;;;
SOUTERRAIN;LAGAFL61TRI.P;LIAISON 225kV N0 1 LAGAFIERE-TRICASTIN-POSTE (LE);EN EXPLOITATION;225kV;1;;;;;;;;
SOUTERRAIN;PALENL61QUATR;LIAISON 225kV N0 1 PALENTE - QUATROUILLOTS (LES);EN EXPLOITATION;225kV;1;;;;;;;;
SOUTERRAIN;CZTRYL61PLISO;LIAISON 225kV N0 1 COURTRY-PLISON;EN EXPLOITATION;225kV;1;;;;;;;;
SOUTERRAIN;BAYETL61BILLY;LIAISON 225kV N0 1 BAYET-BILLY;EN EXPLOITATION;225kV;1;;;;;;;;
SOUTERRAIN;MORBRL61SONNE;LIAISON 225kV N0 1 MORBRAS-SONNETTES;EN EXPLOITATION;225kV;1;;;;;;;;
SOUTERRAIN;H.VINL62WATTR;LIAISON 225kV N0 2 HAUT-VINAGE-WATTRELOS;EN EXPLOITATION;225kV;1;;;;;;;;
SOUTERRAIN;GARIEL61ZPARR;LIAISON 225kV N0 1 BRUGES - GARIES - PESSAC;EN EXPLOITATION;225kV;1;;;;;;;;
SOUTERRAIN;ISCLEL61P.ORG;LIAISON 225kV N0 1 ISCLES (LES)-PLAN-D ORGON;EN EXPLOITATION;225kV;1;;;;;;;;
SOUTERRAIN;MALA6L61ROMAI;LIAISON 225kV N0 1 MALASSIS-ROMAINVILLE;EN EXPLOITATION;225kV;1;;;;;;;;
SOUTERRAIN;G.ROUL62SOULL;LIAISON 225kV N0 2 GUE-AU-ROUX (LE) - SOULLANS;EN EXPLOITATION;225kV;1;;;;;;;;
SOUTERRAIN;AVENIL61BZGET;LIAISON 225kV N0 1 AVENIR - BOURGET (LE);EN EXPLOITATION;225kV;1;;;;;;;;
SOUTERRAIN;CHAREL61VINC5;LIAISON 225kV N0 1 CHARENTON-VINCENNES;EN EXPLOITATION;225kV;1;;;;;;;;
SOUTERRAIN;SEINEL61ZBRI5;LIAISON 225kV N0 1 PLESSIS-GASSOT - SEINE - BRICHE (LA);EN EXPLOITATION;225kV;1;;;;;;;;
SOUTERRAIN;C.ORBL62ZMORE;LIAISON 225kV N0 2 GAUDIERE (LA) - MOREAU - CONQUES-SUR-ORBIEL;EN EXPLOITATION;225kV;1;;;;;;;;
SOUTERRAIN;JUSTIL61ZJUST;LIAISON 225kV N0 1 CHAUNAY - DAMBRON - JUSTICE;EN EXPLOITATION;225kV;1;;;;;;;;
SOUTERRAIN;P.GASL63SEINE;LIAISON 225kV N0 3 PLESSIS-GASSOT - SEINE;EN EXPLOITATION;225kV;1;;;;;;;;
SOUTERRAIN;G.CAIL61VALEN;LIAISON 225kV N0 1 GROS-CAILLOU-VALENCIENNES;EN EXPLOITATION;225kV;1;;;;;;;;
SOUTERRAIN;P.BOIL61ZLINA;LIAISON 225kV N0 1 ESCARGOT - LOGES (LES) - PETIT-BOIS (LE);EN EXPLOITATION;225kV;1;;;;;;;;
SOUTERRAIN;PRINQL61PTCHA;LIAISON 225kV N0 1 PONTCHATEAU-PRINQUIAU;EN EXPLOITATION;225kV;1;;;;;;;;
SOUTERRAIN;JONQUL61SSCES;LIAISON 225kV N0 1 JONQUIERES-ST-CESAIRE;EN EXPLOITATION;225kV;1;;;;;;;;
SOUTERRAIN;NANTEL61RUEIL;LIAISON 225kV N0 1 NANTERRE-RUEIL;EN EXPLOITATION;225kV;1;;;;;;;;
SOUTERRAIN;ELANCL61YVE.O;LIAISON 225kV N0 1 ELANCOURT-YVELINES-OUEST;EN EXPLOITATION;225kV;1;;;;;;;;
SOUTERRAIN;CASTAL61MOUL8;LIAISON 225kV N0 1 CASTAGNARY-MOULINEAUX;EN EXPLOITATION;225kV;1;;;;;;;;
SOUTERRAIN;CHEVIL63ZV.OR;LIAISON 225kV N0 3 CHEVILLY - ULIS (LES) - VILLEJUST;EN EXPLOITATION;225kV;1;;;;;;;;
SOUTERRAIN;CARDIL61PASQU;LIAISON 225kV N0 1 CARDINET - PASQUIER;EN EXPLOITATION;225kV;1;;;;;;;;
SOUTERRAIN;CORMEL63NANTE;LIAISON 225kV N0 3 CORMEILLES - NANTERRE;EN EXPLOITATION;225kV;1;;;;;;;;
SOUTERRAIN;CROLLL61FROGE;LIAISON 225kV N0 1 CROLLES-FROGES;EN EXPLOITATION;225kV;1;;;;;;;;
SOUTERRAIN;G.SYNL61Q.ECL;LIAISON 225kV N0 1 GRANDE-SYNTHE - QUATRE-ECLUSES;EN EXPLOITATION;225kV;1;;;;;;;;
SOUTERRAIN;HARC7L62JAVEL;LIAISON 225kV N0 2 HARCOURT (POSTE BLINDE)-JAVEL;EN EXPLOITATION;225kV;1;;;;;;;;
SOUTERRAIN;BZGETL61SAUS5;LIAISON 225kV N0 1 BOURGET-SAUSSET;EN EXPLOITATION;225kV;1;;;;;;;;
SOUTERRAIN;AVENIL61CZNEU;LIAISON 225kV N0 1 AVENIR-COURNEUVE (LA);EN EXPLOITATION;225kV;1;;;;;;;;
SOUTERRAIN;SAINNL61YAINV;LIAISON 225kV N0 1 SAINNEVILLE-YAINVILLE;EN EXPLOITATION;225kV;1;;;;;;;;
SOUTERRAIN;C.GOML62E.BOT;LIAISON 225kV N0 2 CHATEAU - GOMBERT - ENCO-DE-BOTTE;EN EXPLOITATION;225kV;1;;;;;;;;
SOUTERRAIN;CONF5L611CNRS;LIAISON 225kV N0 1 CONFLUENT - LNCMI-CNRS;EN EXPLOITATION;225kV;1;;;;;;;;
SOUTERRAIN;DAMBRL61G.DEN;LIAISON 225kV N0 1 DAMBRON-GAULT-SAINT-DENIS;EN EXPLOITATION;225kV;1;;;;;;;;
SOUTERRAIN;BRICHL62ZBRIC;LIAISON 225kV N0 2 PLESSIS-GASSOT - SEINE - BRICHE (LA);EN EXPLOITATION;225kV;1;;;;;;;;
SOUTERRAIN;MTJAYL61ZMTJ5;LIAISON 225kV N0 1 ELANCOURT - VILLEJUST - MONTJAY;EN EXPLOITATION;225kV;1;;;;;;;;
SOUTERRAIN;MTGROL61MTPEZ;LIAISON 225kV N0 1 MONTGROS - MONTPEZAT;EN EXPLOITATION;225kV;1;;;;;;;;
SOUTERRAIN;CAIL5L61RABAT;LIAISON 225kV N0 1 CAILLOLS - RABATAU;EN EXPLOITATION;225kV;1;;;;;;;;
SOUTERRAIN;MTGROL61PRATC;LIAISON 225kV N0 1 MONTGROS - PRATCLAUX;EN EXPLOITATION;225kV;1;;;;;;;;
SOUTERRAIN;BONNEL62CUS.P;LIAISON 225kV N0 2 BONNETERRE-CUSSET-POSTE;EN EXPLOITATION;225kV;1;;;;;;;;
SOUTERRAIN;COMPSL61ZANCI;LIAISON 225kV N0 1 ANCIZES (Y631) - COMPS - VOLVIC;EN EXPLOITATION;225kV;1;;;;;;;;
SOUTERRAIN;MOUCHL61OULLI;LIAISON 225kV N0 1 MOUCHE (LA)-OULLINS;EN EXPLOITATION;225kV;1;;;;;;;;
SOUTERRAIN;AMPERL63SEINE;LIAISON 225kV N0 3 AMPERE (SAINT-DENIS) - SEINE;EN EXPLOITATION;225kV;1;;;;;;;;
SOUTERRAIN;MANDAL62TUNNE;LIAISON 225kV N0 2 MANDARINS-TUNNEL;EN EXPLOITATION;225kV;1;;;;;;;;
SOUTERRAIN;AMFARL62RATIE;LIAISON 225kV N0 2 AMFARD-RATIER;EN EXPLOITATION;225kV;1;;;;;;;;
SOUTERRAIN;HARC7L61MOUL8;LIAISON 225kV N0 1 HARCOURT (POSTE BLINDE)-MOULINEAUX;EN EXPLOITATION;225kV;1;;;;;;;;
SOUTERRAIN;AVRONL62ZAVR5;LIAISON 225kV N0 2 PLAISANCE - VILLEVAUDE - AVRON;EN EXPLOITATION;225kV;1;;;;;;;;
SOUTERRAIN;BLERIL61SAUS5;LIAISON 225kV N0 1 BLERIOT (ROISSY) - SAUSSET;EN EXPLOITATION;225kV;1;;;;;;;;
SOUTERRAIN;CROIXL62ROU.N;;EN EXPLOITATION;225kV;1;;;;;;;;
SOUTERRAIN;AQUEDL61ZCOQU;LIAISON 225kV N0 1 AQUEDUCS (LES) - COQUIBUS - GRIGNY;EN EXPLOITATION;225kV;1;;;;;;;;
SOUTERRAIN;AVENIL61PRIME;LIAISON 225kV N0 1 AVENIR-PRIMEVERES;EN EXPLOITATION;225kV;1;;;;;;;;
SOUTERRAIN;HARC7L61JAVEL;LIAISON 225kV N0 1 HARCOURT (POSTE BLINDE)-JAVEL;EN EXPLOITATION;225kV;1;;;;;;;;
SOUTERRAIN;PLAISL61ZAVRO;LIAISON 225kV N0 1 PLAISANCE - VILLEVAUDE - AVRON;EN EXPLOITATION;225kV;1;;;;;;;;
SOUTERRAIN;PLUVIL61PRINQ;LIAISON 225kV N0 1 PLUVIGNER - PRINQUIAU;EN EXPLOITATION;225kV;1;;;;;;;;
SOUTERRAIN;FEUILL61LAVER;LIAISON 225kV N0 1 FEUILLANE - LAVERA;EN EXPLOITATION;225kV;1;;;;;;;;
SOUTERRAIN;ARRIGL61CHARE;LIAISON 225kV N0 1 ARRIGHI-CHARENTON;EN EXPLOITATION;225kV;1;;;;;;;;
SOUTERRAIN;COQU7L61LIMEU;LIAISON 225kV N0 1 COQUEREL - LIMEUX;EN EXPLOITATION;225kV;1;;;;;;;;
SOUTERRAIN;MORBRL61V.GEO;LIAISON 225kV N0 1 MORBRAS-VILLENEUVE-ST-GEORGES;EN EXPLOITATION;225kV;1;;;;;;;;
SOUTERRAIN;GARCHL61SSELO;LIAISON 225kV N0 1 GARCHIZY-ST-ELOI;EN EXPLOITATION;225kV;1;;;;;;;;
SOUTERRAIN;CONVEL61MOUL8;LIAISON 225kV N0 1 CONVENTION-MOULINEAUX;EN EXPLOITATION;225kV;1;;;;;;;;
SOUTERRAIN;AVELIL71WEPPE;LIAISON 400kV N0 1 AVELIN - WEPPES;EN EXPLOITATION;400kV;1;;;;;;;;
SOUTERRAIN;CABRIL62REALT;LIAISON 225kV N0 2 CABRIES-REALTOR;EN EXPLOITATION;225kV;1;;;;;;;;
SOUTERRAIN;BOLL5L61PRRLA;LIAISON 225kV N0 1 BOLLENE - PIERRELATTE (COGEMA A PIERRELATTE) (225kV);EN EXPLOITATION;225kV;1;;;;;;;;
SOUTERRAIN;GRIM5L62TRANS;LIAISON 225kV N0 2 GRIMAUD - TRANS;EN EXPLOITATION;225kV;1;;;;;;;;
SOUTERRAIN;C.MERL61MOUGI;LIAISON 225kV N0 1 CAGNES-SUR-MER-MOUGINS;EN EXPLOITATION;225kV;1;;;;;;;;
SOUTERRAIN;CAULAL61PYRAM;LIAISON 225kV N0 1 CAULAINCOURT-PYRAMIDES;EN EXPLOITATION;225kV;1;;;;;;;;
SOUTERRAIN;FOLIEL61TURGO;LIAISON 225kV N0 1 FOLIES-TURGOT;EN EXPLOITATION;225kV;1;;;;;;;;
SOUTERRAIN;BATIGL61CARDI;LIAISON 225kV N0 1 BATIGNOLLES-CARDINET;EN EXPLOITATION;225kV;1;;;;;;;;
SOUTERRAIN;CHEVIL62RUNGI;LIAISON 225kV N0 2 CHEVILLY-RUNGIS;EN EXPLOITATION;225kV;1;;;;;;;;
SOUTERRAIN;MTVICL61SSMI5;LIAISON 225kV N0 1 MONTVICQ - ST-ELOI-LES-MINES;EN EXPLOITATION;225kV;1;;;;;;;;
SOUTERRAIN;PERTAL61ROYE;LIAISON 225kV N0 1 PERTAIN-ROYE;EN EXPLOITATION;225kV;1;;;;;;;;
SOUTERRAIN;MALINL61SARR5;LIAISON 225kV N0 1 MALINTRAT - SARRE;EN EXPLOITATION;225kV;1;;;;;;;;
SOUTERRAIN;G.COUL63VAUPA;LIAISON 225kV N0 3 GRAND-COURONNE - VAUPALIERE (LA);EN EXPLOITATION;225kV;1;;;;;;;;
SOUTERRAIN;ENVALL61ISSOI;LIAISON 225kV N0 1 ENVAL-ISSOIRE;EN EXPLOITATION;225kV;1;;;;;;;;
SOUTERRAIN;FALLOL61TILLI;LIAISON 225kV N0 1 FALLOU-TILLIERS;EN EXPLOITATION;225kV;1;;;;;;;;
SOUTERRAIN;HALLEL61MAGEN;LIAISON 225kV N0 1 HALLES-MAGENTA;EN EXPLOITATION;225kV;1;;;;;;;;
SOUTERRAIN;MTAG5L61ZVILA;LIAISON 225kV N0 1 CHATEAURENARD - MONTAGNETTE (LA) - ROQUEROUSSE;EN EXPLOITATION;225kV;1;;;;;;;;
SOUTERRAIN;G.ILEL61MOLL5;LIAISON 225kV N0 1 GRANDE-ILE - MOLLETTES (LES);EN EXPLOITATION;225kV;1;;;;;;;;
SOUTERRAIN;DONZAL61VERLH;LIAISON 225kV N0 1 DONZAC-VERLHAGUET;EN EXPLOITATION;225kV;1;;;;;;;;
SOUTERRAIN;B.GUEL62PRINQ;LIAISON 225kV N0 2 BANC-DE-GUERANDE - PRINQUIAU;EN EXPLOITATION;225kV;1;;;;;;;;
SOUTERRAIN;MTEZIL71MTEZ5;LIAISON 400kV N0 1 MONTEZIC (CENTRALE) - MONTEZIC (POSTE EXTERIEUR);EN EXPLOITATION;400kV;1;;;;;;;;
SOUTERRAIN;GALORL61MAUGE;LIAISON 225kV N0 1 GALOREAUX (LES)-MAUGES;EN EXPLOITATION;225kV;1;;;;;;;;
SOUTERRAIN;AIRVAL61BONN6;LIAISON 225kV N0 1 AIRVAULT-BONNEAU;EN EXPLOITATION;225kV;1;;;;;;;;
SOUTERRAIN;BERT5L61CRETA;LIAISON 225kV N0 1 BERTHOLLET-CRETAINE;EN EXPLOITATION;225kV;1;;;;;;;;
SOUTERRAIN;CPNIEL61PARIS;LIAISON 225kV N0 1 CHAMPAGNIER-PARISET;EN EXPLOITATION;225kV;1;;;;;;;;
SOUTERRAIN;CHESNL61VOULZ;LIAISON 225kV N0 1 CHESNOY (LE)-VOULZIE (LA);EN EXPLOITATION;225kV;1;;;;;;;;
SOUTERRAIN;CPNIEL61ZSABL;LIAISON 225kV N0 1 CHAMPAGNIER - CORDEAC - SABLES (LES);EN EXPLOITATION;225kV;1;;;;;;;;
SOUTERRAIN;MEYZIL61MIONS;LIAISON 225kV N0 1 MEYZIEU - MIONS;EN EXPLOITATION;225kV;1;;;;;;;;
SOUTERRAIN;ROMAIL62VLEVA;LIAISON 225kV N0 2 ROMAINVILLE-VILLEVAUDE;EN EXPLOITATION;225kV;1;;;;;;;;
SOUTERRAIN;SSAU5L61VERSA;LIAISON 225kV N0 1 ST-AUBIN-VERSAILLES;EN EXPLOITATION;225kV;1;;;;;;;;
SOUTERRAIN;CHESNL66MTERE;LIAISON 225kV N0 6 CHESNOY (LE) - MONTEREAU;EN EXPLOITATION;225kV;1;;;;;;;;
SOUTERRAIN;NOISYL62ROMAI;LIAISON 225kV N0 2 NOISY - ROMAINVILLE 2 (SNCF);EN EXPLOITATION;225kV;1;;;;;;;;
SOUTERRAIN;BOISSL62MIONS;LIAISON 225kV N0 2 BOISSE (LA) - MIONS;EN EXPLOITATION;225kV;1;;;;;;;;
SOUTERRAIN;CALA5L61P.ROU;LIAISON 225kV N0 1 CALAN-POTEAU-ROUGE;EN EXPLOITATION;225kV;1;;;;;;;;
SOUTERRAIN;Q.SEIL61SAUMA;LIAISON 225kV N0 1 QUATRE SEIGNEURS - SAUMADE;EN EXPLOITATION;225kV;1;;;;;;;;
SOUTERRAIN;SEINEL63SSOU5;LIAISON 225kV N0 3 SEINE - ST-OUEN (POSTE);EN EXPLOITATION;225kV;1;;;;;;;;
SOUTERRAIN;CONF5L61PARIS;LIAISON 225kV N0 1 CONFLUENT - PARISET;EN EXPLOITATION;225kV;1;;;;;;;;
SOUTERRAIN;AMFARL61RATIE;LIAISON 225kV N0 1 AMFARD-RATIER;EN EXPLOITATION;225kV;1;;;;;;;;
SOUTERRAIN;SARRYL61SEREI;LIAISON 225kV N0 1 SARRY-SEREIN;EN EXPLOITATION;225kV;1;;;;;;;;
SOUTERRAIN;MIONSL62MOUCH;LIAISON 225kV N0 2 MIONS-MOUCHE (LA);EN EXPLOITATION;225kV;1;;;;;;;;
SOUTERRAIN;LOGESL61ZLINA;LIAISON 225kV N0 1 ESCARGOT - LOGES (LES) - PETIT-BOIS (LE);EN EXPLOITATION;225kV;1;;;;;;;;
SOUTERRAIN;BERT5L61TOLBI;LIAISON 225kV N0 1 BERTHOLLET - TOLBIAC;EN EXPLOITATION;225kV;1;;;;;;;;
SOUTERRAIN;AMPERL62SEINE;LIAISON 225kV N0 2 AMPERE (SAINT-DENIS) - SEINE;EN EXPLOITATION;225kV;1;;;;;;;;
SOUTERRAIN;GRAV5L61WARAN;LIAISON 225kV N0 1 GRAVELINES (CENTRALE)-WARANDE;EN EXPLOITATION;225kV;1;;;;;;;;
SOUTERRAIN;CHAV6L61GEN.P;LIAISON 225kV N0 1 CHAVANOD - GENISSIAT-POSTE;EN EXPLOITATION;225kV;1;;;;;;;;
SOUTERRAIN;P.ANDL71S.BIS;LIAISON 400kV N0 1 PRAZ-ST-ANDRE - SUPER-BISSORTE;EN EXPLOITATION;400kV;1;;;;;;;;
SOUTERRAIN;G.SOLL71PENL5;LIAISON 400kV N0 1 GRANDE-SOLE (LA) - PENLY (POSTE EVACUATION);EN EXPLOITATION;400kV;1;;;;;;;;
SOUTERRAIN;SONNEL61SSMR;LIAISON 225kV N0 1 SONNETTES - ST-MAUR;EN EXPLOITATION;225kV;1;;;;;;;;
SOUTERRAIN;CONVEL61LAOS;LIAISON 225kV N0 1 CONVENTION-LAOS;EN EXPLOITATION;225kV;1;;;;;;;;
SOUTERRAIN;CZSEUL62RANVI;LIAISON 225kV N0 2 COURSEULLES (SUR-MER) - RANVILLE;EN EXPLOITATION;225kV;1;;;;;;;;
SOUTERRAIN;CZSEUL61RANVI;LIAISON 225kV N0 1 COURSEULLES (SUR-MER) - RANVILLE;EN EXPLOITATION;225kV;1;;;;;;;;
SOUTERRAIN;CZTRYL61SENAR;LIAISON 225kV N0 1 COURTRY-SENART;EN EXPLOITATION;225kV;1;;;;;;;;
SOUTERRAIN;BEZ.EL61SSVIN;LIAISON 225kV N0 1 BEZIERS-EST - ST-VINCENT;EN EXPLOITATION;225kV;1;;;;;;;;
SOUTERRAIN;AVELIL62HELLE;LIAISON 225kV N0 2 AVELIN - HELLEMMES;EN EXPLOITATION;225kV;1;;;;;;;;
SOUTERRAIN;MTLUCL61MTVIC;LIAISON 225kV N0 1 MONTLUCON - MONTVICQ;EN EXPLOITATION;225kV;1;;;;;;;;
SOUTERRAIN;CHENEL61SENAR;LIAISON 225kV N0 1 CHENET-SENART;EN EXPLOITATION;225kV;1;;;;;;;;
SOUTERRAIN;GOBELL61TOLBI;LIAISON 225kV N0 1 GOBELINS-TOLBIAC;EN EXPLOITATION;225kV;1;;;;;;;;
SOUTERRAIN;PERELL61ZP.IL;LIAISON 225kV N0 1 CONFLUENT - MOIRANS - PERELLE;EN EXPLOITATION;225kV;1;;;;;;;;
SOUTERRAIN;PREGUL61SAINT;LIAISON 225kV N0 1 PREGUILLAC - SAINTES;EN EXPLOITATION;225kV;1;;;;;;;;
SOUTERRAIN;ROMAIL64ZGALE;LIAISON 225kV N0 4 GALERES - ROMAINVILLE - VILLEVAUDE;EN EXPLOITATION;225kV;1;;;;;;;;
SOUTERRAIN;CPNIEL61GRISO;LIAISON 225kV N0 1 CHAMPAGNIER-GRISOLLES;EN EXPLOITATION;225kV;1;;;;;;;;
SOUTERRAIN;MASTAL61P.SAM;LIAISON 225kV N0 1 MASTAING-PONT-SUR-SAMBRE;EN EXPLOITATION;225kV;1;;;;;;;;
SOUTERRAIN;NANTEL61PUTEA;LIAISON 225kV N0 1 NANTERRE-PUTEAUX (1A-1B);EN EXPLOITATION;225kV;1;;;;;;;;
SOUTERRAIN;FEUILL61RICHI;LIAISON 225kV N0 1 FEUILLANE - RICHIER;EN EXPLOITATION;225kV;1;;;;;;;;
SOUTERRAIN;CORMEL62F.LOU;LIAISON 225kV N0 2 CORMEILLES - FOSSE AUX LOUPS (LA);EN EXPLOITATION;225kV;1;;;;;;;;
SOUTERRAIN;ORNA5L61TURGO;LIAISON 225kV N0 1 ORNANO - TURGOT;EN EXPLOITATION;225kV;1;;;;;;;;
SOUTERRAIN;H.VINL61WATTR;LIAISON 225kV N0 1 HAUT-VINAGE-WATTRELOS;EN EXPLOITATION;225kV;1;;;;;;;;
SOUTERRAIN;SAULEL61VERSA;LIAISON 225kV N0 1 SAULES-VERSAILLES;EN EXPLOITATION;225kV;1;;;;;;;;
SOUTERRAIN;BZGETL61DRANC;LIAISON 225kV N0 1 BOURGET (LE)-DRANCY;EN EXPLOITATION;225kV;1;;;;;;;;
SOUTERRAIN;ARRIGL61COLON;LIAISON 225kV N0 1 ARRIGHI-COLONIE;EN EXPLOITATION;225kV;1;;;;;;;;
SOUTERRAIN;C.ROUL61VAISE;LIAISON 225kV N0 1 CROIX-ROUSSE-VAISE;EN EXPLOITATION;225kV;1;;;;;;;;
SOUTERRAIN;P.BOIL61ZLIN7;LIAISON 225kV N0 1 LIERS - VILLEJUST - PETIT-BOIS (LE);EN EXPLOITATION;225kV;1;;;;;;;;
SOUTERRAIN;FLERSL61LAUNA;LIAISON 225kV N0 1 FLERS-LAUNAY;EN EXPLOITATION;225kV;1;;;;;;;;
SOUTERRAIN;CHATIL611CLAM;LIAISON 225kV N0 1 CHATILLON (CLAMART) - CLAMART;EN EXPLOITATION;225kV;1;;;;;;;;
SOUTERRAIN;BIANCL61BOCCA;LIAISON 225kV N0 1 BIANCON - BOCCA (LA);EN EXPLOITATION;225kV;1;;;;;;;;
SOUTERRAIN;P.GASL61ZBRI5;LIAISON 225kV N0 1 PLESSIS-GASSOT - SEINE - BRICHE (LA);EN EXPLOITATION;225kV;1;;;;;;;;
SOUTERRAIN;SSAVOL61VIGY;LIAISON 225kV N0 1 ST-AVOLD-VIGY;EN EXPLOITATION;225kV;1;;;;;;;;
SOUTERRAIN;GRANDL61PRATC;LIAISON 225kV N0 1 GRANDVAL - PRATCLAUX;EN EXPLOITATION;225kV;1;;;;;;;;
SOUTERRAIN;CIZE L61FLEYR;LIAISON 225kV N0 1 CIZE - FLEYRIAT;EN EXPLOITATION;225kV;1;;;;;;;;
SOUTERRAIN;ARDOIL61MOTT5;LIAISON 225kV N0 1 ARDOISE (L )-MOTTE (LA) (V.-LES-AVIGNON);EN EXPLOITATION;225kV;1;;;;;;;;
SOUTERRAIN;SEINEL61SSOU5;LIAISON 225kV N0 1 SEINE - ST-OUEN (POSTE);EN EXPLOITATION;225kV;1;;;;;;;;
SOUTERRAIN;MOUCHL61PERRA;LIAISON 225kV N0 1 MOUCHE (LA)-PERRACHE;EN EXPLOITATION;225kV;1;;;;;;;;
SOUTERRAIN;ECHALL61GIVOR;LIAISON 225kV N0 1 ECHALAS-GIVORS;EN EXPLOITATION;225kV;1;;;;;;;;
SOUTERRAIN;AQUEDL61LISSE;LIAISON 225kV N0 1 AQUEDUCS (LES) - LISSES;EN EXPLOITATION;225kV;1;;;;;;;;
SOUTERRAIN;LIERSL61LOGES;LIAISON 225kV N0 1 LIERS-LOGES (LES);EN EXPLOITATION;225kV;1;;;;;;;;
SOUTERRAIN;CHEVIL62CRETA;LIAISON 225kV N0 2 CHEVILLY-CRETAINE;EN EXPLOITATION;225kV;1;;;;;;;;
SOUTERRAIN;C.REGL61ZMAGN;LIAISON 225kV N0 1 CHAMPS-REGNAUD - CHAMPVANS - MAGNY(-SUR-TILLE);EN EXPLOITATION;225kV;1;;;;;;;;
SOUTERRAIN;BOLL5L62PRRLA;LIAISON 225kV N0 2 BOLLENE - PIERRELATTE (COGEMA A PIERRELATTE) (225kV);EN EXPLOITATION;225kV;1;;;;;;;;
SOUTERRAIN;P.GASL64SEINE;LIAISON 225kV N0 4 PLESSIS-GASSOT - SEINE;EN EXPLOITATION;225kV;1;;;;;;;;
SOUTERRAIN;CPNIEL61S.PON;LIAISON 225kV N0 1 CHAMPAGNIER-SERRE-PONCON;EN EXPLOITATION;225kV;1;;;;;;;;
SOUTERRAIN;GUER8L61ZGUE5;LIAISON 225kV N0 1 GUERACHE (LA) - PIQUAGE A GUERACHE (LA) - TRANS - VINS;EN EXPLOITATION;225kV;1;;;;;;;;
SOUTERRAIN;G.ROUL61SOULL;LIAISON 225kV N0 1 GUE-AU-ROUX (LE) - SOULLANS;EN EXPLOITATION;225kV;1;;;;;;;;
SOUTERRAIN;TERRIL61V.SEP;LIAISON 225kV N0 1 TERRIER - VILLERS-SAINT-SEPULCRE;EN EXPLOITATION;225kV;1;;;;;;;;
SOUTERRAIN;SERRIL61SSV.E;LIAISON 225kV N0 1 SERRIERES-ST-VULBAS-EST;EN EXPLOITATION;225kV;1;;;;;;;;
SOUTERRAIN;C.RHOL62L.NEU;LIAISON 225kV N0 2 CHATEAUNEUF-DU-RHONE - LOGIS-NEUF;EN EXPLOITATION;225kV;1;;;;;;;;
SOUTERRAIN;BLOCAL61LIMEU;LIAISON 225kV N0 1 BLOCAUX - LIMEUX;EN EXPLOITATION;225kV;1;;;;;;;;
SOUTERRAIN;BATHIL61G.COE;LIAISON 225kV N0 1 BATHIE (LA)-GRAND-COEUR;EN EXPLOITATION;225kV;1;;;;;;;;
SOUTERRAIN;ALOUEL61MALA6;LIAISON 225kV N0 1 ALOUETTES (LES)-MALASSIS;EN EXPLOITATION;225kV;1;;;;;;;;
SOUTERRAIN;VAUPAL61YAINV;LIAISON 225kV N0 1 VAUPALIERE (LA)-YAINVILLE;EN EXPLOITATION;225kV;1;;;;;;;;
SOUTERRAIN;CRUA5L61L.NEU;LIAISON 225kV N0 1 CRUAS (-MEYSSE) - LOGIS-NEUF;EN EXPLOITATION;225kV;1;;;;;;;;
SOUTERRAIN;BOUTRL61TRANS;LIAISON 225kV N0 1 BOUTRE - TRANS;EN EXPLOITATION;225kV;1;;;;;;;;
SOUTERRAIN;CHAREL61VIT.N;LIAISON 225kV N0 1 CHARENTON-VITRY-NORD;EN EXPLOITATION;225kV;1;;;;;;;;
SOUTERRAIN;FANAUL64ZFAN5;LIAISON 225kV N0 4 FALLOU - FANAUDES - PLESSIS-GASSOT;EN EXPLOITATION;225kV;1;;;;;;;;
SOUTERRAIN;MUHLBL72SIERE;LIAISON 400kV N0 2 MUHLBACH - SIERENTZ;EN EXPLOITATION;400kV;1;;;;;;;;
SOUTERRAIN;GEN.PL61IZERN;LIAISON 225kV N0 1 GENISSIAT-POSTE-IZERNORE;EN EXPLOITATION;225kV;1;;;;;;;;
SOUTERRAIN;RIVIEL61TREVA;LIAISON 225kV N0 1 RIVIERE (LA) - TREVAS;EN EXPLOITATION;225kV;1;;;;;;;;
SOUTERRAIN;P.SEPL62SAINN;LIAISON 225kV N0 2 PONT-SEPT - SAINNEVILLE;EN EXPLOITATION;225kV;1;;;;;;;;
SOUTERRAIN;B.CHAL61TEMP5;LIAISON 225kV N0 1 BUTTES-CHAUMONT - TEMPLE;EN EXPLOITATION;225kV;1;;;;;;;;
SOUTERRAIN;OUDONL62PERTR;LIAISON 225kV N0 2 OUDON - PERTRE (LE);EN EXPLOITATION;225kV;1;;;;;;;;
SOUTERRAIN;N.MARL63PLAIS;LIAISON 225kV N0 3 NEUILLY-SUR-MARNE (POSTE D) - PLAISANCE;EN EXPLOITATION;225kV;1;;;;;;;;
SOUTERRAIN;C.LEML61GOBEL;LIAISON 225kV N0 1 CARDINAL LEMOINE - GOBELINS;EN EXPLOITATION;225kV;1;;;;;;;;
SOUTERRAIN;FEURSL61VOLVO;LIAISON 225kV N0 1 FEURS - VOLVON;EN EXPLOITATION;225kV;1;;;;;;;;
SOUTERRAIN;N.MARL62PLAIS;LIAISON 225kV N0 2 NEUILLY-SUR-MARNE (POSTE D)-PLAISANCE;EN EXPLOITATION;225kV;1;;;;;;;;
SOUTERRAIN;NANTEL61NOURO;LIAISON 225kV N0 1 NANTERRE (EDF) - NOUROTTES;EN EXPLOITATION;225kV;1;;;;;;;;
SOUTERRAIN;CESTAL61MASQU;LIAISON 225kV N0 1 CESTAS - MASQUET;EN EXPLOITATION;225kV;1;;;;;;;;
SOUTERRAIN;MENTOL61ZMENT;LIAISON 225kV N0 1 CAMPOROSSO - MENTON - TRINITE-VICTOR;EN EXPLOITATION;225kV;1;;;;;;;;
SOUTERRAIN;FEUILL61SSCHA;LIAISON 225kV N0 1 FEUILLANE-ST-CHAMAS;EN EXPLOITATION;225kV;1;;;;;;;;
SOUTERRAIN;AQUEDL61CHENE;LIAISON 225kV N0 1 AQUEDUCS (LES)-CHENET;EN EXPLOITATION;225kV;1;;;;;;;;
SOUTERRAIN;H.VINL62HANNA;LIAISON 225kV N0 2 HANNART-HAUT-VINAGE;EN EXPLOITATION;225kV;1;;;;;;;;
SOUTERRAIN;CONCEL61RABAT;LIAISON 225kV N0 1 CONCEPTION-RABATAU;EN EXPLOITATION;225kV;1;;;;;;;;
SOUTERRAIN;MIONSL61VENIS;LIAISON 225kV N0 1 MIONS-VENISSIEUX;EN EXPLOITATION;225kV;1;;;;;;;;
SOUTERRAIN;B.SE5L71B.TOL;LIAISON 400kV N0 1 BOIS-DE-SERVES - BOIS-TOLLOT;EN EXPLOITATION;400kV;1;;;;;;;;
SOUTERRAIN;ARRIGL61CRETA;LIAISON 225kV N0 1 ARRIGHI-CRETAINE;EN EXPLOITATION;225kV;1;;;;;;;;
SOUTERRAIN;BOISSL61CUS.P;LIAISON 225kV N0 1 BOISSE (LA) - CUSSET-POSTE;EN EXPLOITATION;225kV;1;;;;;;;;
SOUTERRAIN;GENITL61ORSON;LIAISON 225kV N0 1 GENITOY-ORSONVILLE;EN EXPLOITATION;225kV;1;;;;;;;;
SOUTERRAIN;BOISSL62CUS.P;LIAISON 225kV N0 2 BOISSE (LA) - CUSSET-POSTE;EN EXPLOITATION;225kV;1;;;;;;;;
SOUTERRAIN;GRAFFL61SPORE;LIAISON 225kV N0 1 GRAFFENSTADEN-SPORENINSEL;EN EXPLOITATION;225kV;1;;;;;;;;
SOUTERRAIN;CORMEL62PERRE;LIAISON 225kV N0 2 CORMEILLES-PERRET;EN EXPLOITATION;225kV;1;;;;;;;;
SOUTERRAIN;DECHYL61T.NOI;LIAISON 225kV N0 1 DECHY - TERRES-NOIRES (S.N.C.F.);EN EXPLOITATION;225kV;1;;;;;;;;
SOUTERRAIN;A.NOUL61FLEAC;LIAISON 225kV N0 1 ASNIERES-SUR-NOUERE - FLEAC;EN EXPLOITATION;225kV;1;;;;;;;;
SOUTERRAIN;ULISSL63ZV.OR;LIAISON 225kV N0 3 CHEVILLY - ULIS (LES) - VILLEJUST;EN EXPLOITATION;225kV;1;;;;;;;;
SOUTERRAIN;H.DIEL61VAUPA;LIAISON 225kV N0 1 HOTEL DIEU - VAUPALIERE (LA);EN EXPLOITATION;225kV;1;;;;;;;;
SOUTERRAIN;MOREAL62ZMORE;LIAISON 225kV N0 2 GAUDIERE (LA) - MOREAU - CONQUES-SUR-ORBIEL;EN EXPLOITATION;225kV;1;;;;;;;;
SOUTERRAIN;CHEVIL62VLEJU;LIAISON 225kV N0 2 CHEVILLY-VILLEJUST;EN EXPLOITATION;225kV;1;;;;;;;;
SOUTERRAIN;.G.ROL61HOSPI;LIAISON 225kV N0 1 GRAU-ROIG - HOSPITALET (L);EN EXPLOITATION;225kV;1;;;;;;;;
SOUTERRAIN;FALLOL62ZV.BE;LIAISON 225kV N0 2 FALLOU - PLESSIS-GASSOT - VILLIERS-LE-BEL;EN EXPLOITATION;225kV;1;;;;;;;;
SOUTERRAIN;AUSTEL61NATI3;LIAISON 225kV N0 1 AUSTERLITZ-NATION;EN EXPLOITATION;225kV;1;;;;;;;;
SOUTERRAIN;SACL5L61SSAU5;LIAISON 225kV N0 1 SACLAY (PLATEAU) - ST-AUBIN;EN EXPLOITATION;225kV;1;;;;;;;;
SOUTERRAIN;MOIMOL61P.GAS;LIAISON 225kV N0 1 MOIMONT - PLESSIS-GASSOT;EN EXPLOITATION;225kV;1;;;;;;;;
SOUTERRAIN;CIROLL62LOGES;LIAISON 225kV N0 2 CIROLLIERS-LOGES (LES);EN EXPLOITATION;225kV;1;;;;;;;;
SOUTERRAIN;AUBE6L61CZNEU;LIAISON 225kV N0 1 AUBERVILLIERS - COURNEUVE (LA);EN EXPLOITATION;225kV;1;;;;;;;;
SOUTERRAIN;GRISOL61PRAL5;LIAISON 225kV N0 1 GRISOLLES - PRALONG;EN EXPLOITATION;225kV;1;;;;;;;;
SOUTERRAIN;BRUGEL61MQIS;LIAISON 225kV N0 1 BRUGES - MARQUIS (LE);EN EXPLOITATION;225kV;1;;;;;;;;
SOUTERRAIN;ETINCL62GAVRE;LIAISON 225kV N0 2 ETINCHELLE-GAVRELLE;EN EXPLOITATION;225kV;1;;;;;;;;
SOUTERRAIN;REVESL61SEINE;LIAISON 225kV N0 1 REVEST - SEINE;EN EXPLOITATION;225kV;1;;;;;;;;
SOUTERRAIN;ORNA5L61SSOU5;LIAISON 225kV N0 1 ORNANO-ST-OUEN (POSTE);EN EXPLOITATION;225kV;1;;;;;;;;
SOUTERRAIN;MANDAL71PEUP5;LIAISON 400kV N0 1 MANDARINS - PEUPLINGUES;EN EXPLOITATION;400kV;1;;;;;;;;
SOUTERRAIN;GIVORL61OULLI;LIAISON 225kV N0 1 GIVORS-OULLINS;EN EXPLOITATION;225kV;1;;;;;;;;
SOUTERRAIN;P.GASL61V.BEL;LIAISON 225kV N0 1 PLESSIS-GASSOT - VILLIERS-LE-BEL;EN EXPLOITATION;225kV;1;;;;;;;;
SOUTERRAIN;C.MERL61LINGO;LIAISON 225kV N0 1 CAGNES-SUR-MER-LINGOSTIERE;EN EXPLOITATION;225kV;1;;;;;;;;
SOUTERRAIN;BAIXAL61M.BRU;LIAISON 225kV N0 1 BAIXAS - MAS BRUNO;EN EXPLOITATION;225kV;1;;;;;;;;
SOUTERRAIN;ARENCL61SEPTE;LIAISON 225kV N0 1 ARENC - SEPTEMES;EN EXPLOITATION;225kV;1;;;;;;;;
SOUTERRAIN;ALMA L61BAUDR;LIAISON 225kV N0 1 ALMA - BAUDRY;EN EXPLOITATION;225kV;1;;;;;;;;
SOUTERRAIN;Q.SEIL61TAMAR;LIAISON 225kV N0 1 QUATRE SEIGNEURS - TAMAREAU;EN EXPLOITATION;225kV;1;;;;;;;;
SOUTERRAIN;CHOLEL61DISTR;LIAISON 225kV N0 1 CHOLET - DISTRE;EN EXPLOITATION;225kV;1;;;;;;;;
SOUTERRAIN;C.JANL61SAUM6;LIAISON 225kV N0 1 CAP JANET - SAUMATY;EN EXPLOITATION;225kV;1;;;;;;;;
SOUTERRAIN;B.SSBL61DOBER;LIAISON 225kV N0 1 BAIE-DE-ST-BRIEUC - DOBERIE;EN EXPLOITATION;225kV;1;;;;;;;;
SOUTERRAIN;MEZE5L63PORCH;LIAISON 225kV N0 3 MEZEROLLES - PORCHEVILLE;EN EXPLOITATION;225kV;1;;;;;;;;
SOUTERRAIN;G.ILEL61ZMER7;LIAISON 225kV N0 1 FROGES - GRANDE-ILE - MERCIERS (LES);EN EXPLOITATION;225kV;1;;;;;;;;
SOUTERRAIN;D.FRAL62LINGO;LIAISON 225kV N0 2 DIGUE-DES-FRANCAIS-LINGOSTIERE;EN EXPLOITATION;225kV;1;;;;;;;;
SOUTERRAIN;MTPELL63TAMAR;LIAISON 225kV N0 3 MONTPELLIER - TAMAREAU;EN EXPLOITATION;225kV;1;;;;;;;;
SOUTERRAIN;LAGAFL62TRI.P;LIAISON 225kV N0 2 LAGAFIERE-TRICASTIN-POSTE (LE);EN EXPLOITATION;225kV;1;;;;;;;;
SOUTERRAIN;ARGE6L61FALLO;LIAISON 225kV N0 1 ARGENTEUIL-FALLOU;EN EXPLOITATION;225kV;1;;;;;;;;
SOUTERRAIN;ISCLEL62P.ORG;LIAISON 225kV N0 2 ISCLES (LES)-PLAN-D ORGON;EN EXPLOITATION;225kV;1;;;;;;;;
SOUTERRAIN;H.FALL62SAINN;LIAISON 225kV N0 2 HAUTES - FALAISES - SAINNEVILLE;EN EXPLOITATION;225kV;1;;;;;;;;
SOUTERRAIN;C.ROUL61CHARP;LIAISON 225kV N0 1 CHARPENAY-CROIX-ROUSSE;EN EXPLOITATION;225kV;1;;;;;;;;
SOUTERRAIN;AMNEVL61ZGAN5;LIAISON 225kV N0 1 AMNEVILLE - ST-HUBERT - VIGY;EN EXPLOITATION;225kV;1;;;;;;;;
SOUTERRAIN;PEYROL61SAUMA;LIAISON 225kV N0 1 PEYROU - SAUMADE;EN EXPLOITATION;225kV;1;;;;;;;;
SOUTERRAIN;LATENL61ZC.OM;LIAISON 225kV N0 1 LATENA - PERTAIN - CRESSY-OMENCOURT;EN EXPLOITATION;225kV;1;;;;;;;;
SOUTERRAIN;FLAMEL61WEPPE;LIAISON 225kV N0 1 FLAMENGRIE-WEPPES;EN EXPLOITATION;225kV;1;;;;;;;;
SOUTERRAIN;LIESSL62ZLIES;LIAISON 225kV N0 1 CERGY - HAUTE-BORNE - LIESSE;EN EXPLOITATION;225kV;1;;;;;;;;
SOUTERRAIN;G.RIVL61GUERS;LIAISON 225kV N0 1 GRANDES-RIVIERES - GUERSAC;EN EXPLOITATION;225kV;1;;;;;;;;
SOUTERRAIN;P.ROSL61SSAVO;LIAISON 225kV N0 1 PETITE-ROSSELLE-ST-AVOLD;EN EXPLOITATION;225kV;1;;;;;;;;
SOUTERRAIN;PLAISL62ZGAL5;LIAISON 225kV N0 2 GALERES - PLAISANCE - VILLEVAUDE;EN EXPLOITATION;225kV;1;;;;;;;;
SOUTERRAIN;LEVALL62PERRE;LIAISON 225kV N0 2 LEVALLOIS-PERRET;EN EXPLOITATION;225kV;1;;;;;;;;
SOUTERRAIN;CANTEL61MARSI;LIAISON 225kV N0 1CANTEGRIT- MARSILLON;EN EXPLOITATION;225kV;1;;;;;;;;
SOUTERRAIN;MUR  L61P.HA5;LIAISON 225kV N0 1 MUR (-DE-BRETAGNE) - PLAINE HAUTE;EN EXPLOITATION;225kV;1;;;;;;;;
SOUTERRAIN;H.DIEL62VAUPA;LIAISON 225kV N0 2 HOTEL DIEU-VAUPALIERE (LA);EN EXPLOITATION;225kV;1;;;;;;;;
SOUTERRAIN;B.EPIL61DOMLO;LIAISON 225kV N0 1 BELLE-EPINE-DOMLOUP;EN EXPLOITATION;225kV;1;;;;;;;;
SOUTERRAIN;FOCH L62PUTEA;LIAISON 225kV N0 2 FOCH-PUTEAUX;EN EXPLOITATION;225kV;1;;;;;;;;
SOUTERRAIN;.SOTEL61MOULA;LIAISON 225kV N0 1 MOULAINE - SOTEL;EN EXPLOITATION;225kV;1;;;;;;;;
SOUTERRAIN;ALOUEL61PLAIS;LIAISON 225kV N0 1 ALOUETTES (LES)-PLAISANCE;EN EXPLOITATION;225kV;1;;;;;;;;
SOUTERRAIN;CHAINL63DAMBR;LIAISON 225kV N0 3 CHAINGY - DAMBRON;EN EXPLOITATION;225kV;1;;;;;;;;
SOUTERRAIN;RQROUL61S.AIR;LIAISON 225kV N0 1 ROQUEROUSSE - SALON-BEL-AIR;EN EXPLOITATION;225kV;1;;;;;;;;
SOUTERRAIN;RASSUL61S.AIR;LIAISON 225kV N0 1 RASSUEN - SALON-BEL-AIR;EN EXPLOITATION;225kV;1;;;;;;;;
SOUTERRAIN;CABESL61M.BRU;LIAISON 225kV N0 1 CABESTANY - MAS BRUNO;EN EXPLOITATION;225kV;1;;;;;;;;
SOUTERRAIN;FLANDL61ROMAI;LIAISON 225kV N0 1 FLANDRE-ROMAINVILLE;EN EXPLOITATION;225kV;1;;;;;;;;
SOUTERRAIN;RISSOL62T.VIC;LIAISON 225kV N0 2 RISSO-TRINITE-VICTOR;EN EXPLOITATION;225kV;1;;;;;;;;
SOUTERRAIN;MOUL8L62VLEJU;LIAISON 225kV N0 2 MOULINEAUX - VILLEJUST;EN EXPLOITATION;225kV;1;;;;;;;;
SOUTERRAIN;CASTAL61SEVRE;LIAISON 225kV N0 1 CASTAGNARY-SEVRES;EN EXPLOITATION;225kV;1;;;;;;;;
SOUTERRAIN;AQUEDL62CHENE;LIAISON 225kV N0 2 AQUEDUCS (LES)-CHENET;EN EXPLOITATION;225kV;1;;;;;;;;
SOUTERRAIN;MEZE5L61VERIN;LIAISON 225kV N0 1 MEZEROLLES- VERINNERIE (LA);EN EXPLOITATION;225kV;1;;;;;;;;
SOUTERRAIN;CRIMEL61FLAND;LIAISON 225kV N0 1 CRIMEE-FLANDRE (TR611);EN EXPLOITATION;225kV;1;;;;;;;;
SOUTERRAIN;B.MONL62B.MON;LIAISON 225kV N0 2 BEAUMONT-MONTEUX - AT762;EN EXPLOITATION;225kV;1;;;;;;;;
SOUTERRAIN;SAUM6L61SEPTE;LIAISON 225kV N0 1 SAUMATY-SEPTEMES;EN EXPLOITATION;225kV;1;;;;;;;;
SOUTERRAIN;CUS.PL61SSAMO;LIAISON 225kV N0 1 CUSSET-POSTE-ST-AMOUR;EN EXPLOITATION;225kV;1;;;;;;;;
SOUTERRAIN;LESCAL61MARSI;LIAISON 225kV N0 1 LESCAR - MARSILLON;EN EXPLOITATION;225kV;1;;;;;;;;
SOUTERRAIN;ORELLL61P.AND;LIAISON 225kV N0 1 ORELLE-PRAZ-ST-ANDRE;EN EXPLOITATION;225kV;1;;;;;;;;
SOUTERRAIN;EDITHL61TRI.P;LIAISON 225kV N0 1 EDITH - TRICASTIN-POSTE (LE);EN EXPLOITATION;225kV;1;;;;;;;;
SOUTERRAIN;LAVALL61OUDON;LIAISON 225kV N0 1 LAVAL - OUDON;EN EXPLOITATION;225kV;1;;;;;;;;
SOUTERRAIN;ELANCL61SSAU5;LIAISON 225kV N0 1 ELANCOURT - ST-AUBIN;EN EXPLOITATION;225kV;1;;;;;;;;
SOUTERRAIN;GRANDL61ZLANA;LIAISON 225kV N0 1 RUEYRES - GRANDVAL - LANAU;EN EXPLOITATION;225kV;1;;;;;;;;
SOUTERRAIN;GAMPAL61PAPIN;LIAISON 225kV N0 1 GAMPALOUP - PAPIN;EN EXPLOITATION;225kV;1;;;;;;;;
SOUTERRAIN;CESTAL61PESSA;LIAISON 225kV N0 1 CESTAS - PESSAC;EN EXPLOITATION;225kV;1;;;;;;;;
SOUTERRAIN;ALBERL61CHAV6;LIAISON 225kV N0 1 ALBERTVILLE-CHAVANOD;EN EXPLOITATION;225kV;1;;;;;;;;
SOUTERRAIN;ALSACL61PERRE;LIAISON 225kV N0 1 ALSACE-PERRET;EN EXPLOITATION;225kV;1;;;;;;;;
SOUTERRAIN;SSAVOL61ZSAU9;LIAISON 225kV N0 1 LANEUVEVILLE - SAULNOIS - ST-AVOLD;EN EXPLOITATION;225kV;1;;;;;;;;
SOUTERRAIN;BOISSL61GEN.P;LIAISON 225kV N0 1 BOISSE (LA) - GENISSIAT-POSTE;EN EXPLOITATION;225kV;1;;;;;;;;
SOUTERRAIN;BARBAL61SAUCA;LIAISON 225kV N0 1 BARBAN - SAUCATS;EN EXPLOITATION;225kV;1;;;;;;;;
SOUTERRAIN;BXBOUL61TEMP5;LIAISON 225kV N0 1 BEAUBOURG-TEMPLE;EN EXPLOITATION;225kV;1;;;;;;;;
SOUTERRAIN;CHEVIL61CORIO;LIAISON 225kV N0 1 CHEVILLY-CORIOLIS;EN EXPLOITATION;225kV;1;;;;;;;;
SOUTERRAIN;PESSAL61SAUCA;LIAISON 225kV N0 1 PESSAC-SAUCATS;EN EXPLOITATION;225kV;1;;;;;;;;
SOUTERRAIN;P.GASL61PERSA;LIAISON 225kV N0 1 PLESSIS-GASSOT - PERSAN;EN EXPLOITATION;225kV;1;;;;;;;;
SOUTERRAIN;MOUGUL61TARN5;LIAISON 225kV N0 1 MOUGUERRE-TARNOS;EN EXPLOITATION;225kV;1;;;;;;;;
SOUTERRAIN;GRENAL61MIONS;LIAISON 225kV N0 1 GRENAY-MIONS;EN EXPLOITATION;225kV;1;;;;;;;;
SOUTERRAIN;BAIXAL61SOLER;LIAISON 225kV N0 1 BAIXAS - LE SOLER;EN EXPLOITATION;225kV;1;;;;;;;;
SOUTERRAIN;MORBRL61MORB5;LIAISON 225kV N0 1 MORBRAS-MORBRAS (POSTE SOURCE);EN EXPLOITATION;225kV;1;;;;;;;;
SOUTERRAIN;CORIOL61FAIDH;LIAISON 225kV N0 1 CORIOLIS-FAIDHERBE;EN EXPLOITATION;225kV;1;;;;;;;;
SOUTERRAIN;FALLOL61GENN3;LIAISON 225kV N0 1 FALLOU-GENNEVILLIERS(TURBINE A GAZ);EN EXPLOITATION;225kV;1;;;;;;;;
SOUTERRAIN;HARC7L61MENUS;LIAISON 225kV N0 1 HARCOURT (POSTE BLINDE)-MENUS;EN EXPLOITATION;225kV;1;;;;;;;;
SOUTERRAIN;COMMUL61VIELM;LIAISON 225kV N0 1 COMMUNE-VIELMOULIN;EN EXPLOITATION;225kV;1;;;;;;;;
SOUTERRAIN;CRUA5L62L.NEU;LIAISON 225kV N0 2 CRUAS (-MEYSSE)-LOGIS-NEUF;EN EXPLOITATION;225kV;1;;;;;;;;
SOUTERRAIN;A.NOUL62FLEAC;LIAISON 225kV N0 2 ASNIERES-SUR-NOUERE - FLEAC;EN EXPLOITATION;225kV;1;;;;;;;;
SOUTERRAIN;CHEVIL64ZMAS5;LIAISON 225kV N0 4 CHEVILLY - MASSY - VILLEJUST;EN EXPLOITATION;225kV;1;;;;;;;;
SOUTERRAIN;AVOINL61AVOI5;LIAISON 225kV N0 1 AVOINE-AVOINE(POSTE 400 kV);EN EXPLOITATION;225kV;1;;;;;;;;
SOUTERRAIN;G.QUEL61VAUPA;LIAISON 225kV N0 1 GRAND-QUEVILLY-VAUPALIERE (LA);EN EXPLOITATION;225kV;1;;;;;;;;
SOUTERRAIN;AVENIL61CRIME;LIAISON 225kV N0 1 AVENIR-CRIMEE;EN EXPLOITATION;225kV;1;;;;;;;;
SOUTERRAIN;ARRIGL61SSMR;LIAISON 225kV N0 1 ARRIGHI - ST-MAUR;EN EXPLOITATION;225kV;1;;;;;;;;
SOUTERRAIN;MOIRAL61PEREL;LIAISON 225kV N0 1 MOIRANS - PERELLE;EN EXPLOITATION;225kV;1;;;;;;;;
SOUTERRAIN;GENITL61VLEVA;LIAISON 225kV N0 1 GENITOY-VILLEVAUDE;EN EXPLOITATION;225kV;1;;;;;;;;
SOUTERRAIN;BALMAL61GRAMO;LIAISON 225kV N0 1 BALMA (POSTE) - GRAMONT;EN EXPLOITATION;225kV;1;;;;;;;;
SOUTERRAIN;H.FALL61SAINN;LIAISON 225kV N0 1 HAUTES - FALAISES - SAINNEVILLE;EN EXPLOITATION;225kV;1;;;;;;;;
SOUTERRAIN;A.DOUL61COUFF;LIAISON 225kV N0 1 ARNAC-SUR-DOURDOU - COUFFRAU;EN EXPLOITATION;225kV;1;;;;;;;;
SOUTERRAIN;MOUGIL61P.GR5;LIAISON 225kV N0 1 MOUGINS-PLAN-DE-GRASSE;EN EXPLOITATION;225kV;1;;;;;;;;
SOUTERRAIN;BACALL61BRUGE;LIAISON 225kV N0 1 BACALAN-BRUGES;EN EXPLOITATION;225kV;1;;;;;;;;
SOUTERRAIN;ARENCL61V.POR;LIAISON 225kV N0 1 ARENC - VIEUX-PORT;EN EXPLOITATION;225kV;1;;;;;;;;
SOUTERRAIN;FREJUL62TRANS;LIAISON 225kV N0 2 FREJUS-TRANS;EN EXPLOITATION;225kV;1;;;;;;;;
SOUTERRAIN;TIVERL61ZSEMO;LIAISON 225kV N0 1 CARRES(LES) - DAMBRON - TIVERNON - VILLEJUST;EN EXPLOITATION;225kV;1;;;;;;;;
SOUTERRAIN;FLOIRL61MQIS;LIAISON 225kV N0 1 FLOIRAC EDF-MARQUIS (LE);EN EXPLOITATION;225kV;1;;;;;;;;
SOUTERRAIN;MIONSL61ZGREN;LIAISON 225kV N0 1 AOSTE - GRENAY - MIONS;EN EXPLOITATION;225kV;1;;;;;;;;
SOUTERRAIN;VAIREL61VLEVA;LIAISON 225kV N0 1 VAIRES (-SUR-MARNE) - VILLEVAUDE;EN EXPLOITATION;225kV;1;;;;;;;;
SOUTERRAIN;BOLL5L62CROI6;LIAISON 225kV N0 2 BOLLENE-CROISIERE;EN EXPLOITATION;225kV;1;;;;;;;;
SOUTERRAIN;AVELIL61MASTA;LIAISON 225kV N0 1 AVELIN - MASTAING;EN EXPLOITATION;225kV;1;;;;;;;;
SOUTERRAIN;CORMEL61ZHERB;LIAISON 225kV N0 1 CERGY - CORMEILLES - HERBLAY;EN EXPLOITATION;225kV;1;;;;;;;;
SOUTERRAIN;CONCEL61V.POR;LIAISON 225kV N0 1 CONCEPTION - VIEUX-PORT;EN EXPLOITATION;225kV;1;;;;;;;;
SOUTERRAIN;CERGYL64ZFRO7;LIAISON 225kV N0 4 CERGY - CORMEILLES - FROMAINVILLE;EN EXPLOITATION;225kV;1;;;;;;;;
SOUTERRAIN;DOULOL61ZDOUL;LIAISON 225kV N0 1 CHEVIRE - DOULON - ST-JOSEPH;EN EXPLOITATION;225kV;1;;;;;;;;
SOUTERRAIN;AUBE6L61SEINE;LIAISON 225kV N0 1 AUBERVILLIERS - SEINE;EN EXPLOITATION;225kV;1;;;;;;;;
SOUTERRAIN;CORMEL64ZFRO7;LIAISON 225kV N0 4 CERGY - CORMEILLES - FROMAINVILLE;EN EXPLOITATION;225kV;1;;;;;;;;
SOUTERRAIN;DAMBRL62G.DEN;LIAISON 225kV N0 2 DAMBRON-GAULT-SAINT-DENIS;EN EXPLOITATION;225kV;1;;;;;;;;
SOUTERRAIN;ORVAUL61ZORVA;LIAISON 225kV N0 1 CORDEMAIS-POSTE - ST JOSEPH - ORVAULT;EN EXPLOITATION;225kV;1;;;;;;;;
SOUTERRAIN;LAVEYL61MTGRO;LIAISON 225kV N0 1 LAVEYRUNE - MONTGROS;EN EXPLOITATION;225kV;1;;;;;;;;
SOUTERRAIN;BXRE6L61SSEA2;LIAISON 225kV N0 1 BEAUREGARD(SAINT-LAURENT-NOUAN)-ST-LAURENT-DES-EAUX B;EN EXPLOITATION;225kV;1;;;;;;;;
SOUTERRAIN;BERGHL62SARR9;LIAISON 225kV N0 2 BERGHOLZ-SARRALTROFF;EN EXPLOITATION;225kV;1;;;;;;;;
SOUTERRAIN;MAZARL61RABAT;LIAISON 225kV N0 1 MAZARGUES-RABATAU;EN EXPLOITATION;225kV;1;;;;;;;;
SOUTERRAIN;SSJOSL61ZORVA;LIAISON 225kV N0 1 CORDEMAIS-POSTE - ST JOSEPH - ORVAULT;EN EXPLOITATION;225kV;1;;;;;;;;
SOUTERRAIN;ARRIGL61VIT.N;LIAISON 225kV N0 1 ARRIGHI-VITRY-NORD;EN EXPLOITATION;225kV;1;;;;;;;;
SOUTERRAIN;GIVORL61MIONS;LIAISON 225kV N0 1 GIVORS - MIONS;EN EXPLOITATION;225kV;1;;;;;;;;
SOUTERRAIN;CRETAL61GOBEL;LIAISON 225kV N0 1 CRETAINE-GOBELINS;EN EXPLOITATION;225kV;1;;;;;;;;
SOUTERRAIN;FLANDL61MAGEN;LIAISON 225kV N0 1 FLANDRE-MAGENTA;EN EXPLOITATION;225kV;1;;;;;;;;
SOUTERRAIN;BOLL5L61C.RHO;LIAISON 225kV N0 1 BOLLENE-CHATEAUNEUF-DU-RHONE;EN EXPLOITATION;225kV;1;;;;;;;;
SOUTERRAIN;ESCAIL61NEOUL;LIAISON 225kV N0 1 ESCAILLON (L )-NEOULES;EN EXPLOITATION;225kV;1;;;;;;;;
SOUTERRAIN;SEINEL62SSOU5;LIAISON 225kV N0 2 SEINE - ST-OUEN (POSTE);EN EXPLOITATION;225kV;1;;;;;;;;
SOUTERRAIN;CHESNL61PATOU;LIAISON 225kV N0 1 CHESNOY (LE) - PATOU;EN EXPLOITATION;225kV;1;;;;;;;;
SOUTERRAIN;GERSTL61STRAS;LIAISON 225kV N0 1 GERSTHEIM-STRASBOURG;EN EXPLOITATION;225kV;1;;;;;;;;
SOUTERRAIN;ARRIGL61CHEVI;LIAISON 225kV N0 1 ARRIGHI-CHEVILLY;EN EXPLOITATION;225kV;1;;;;;;;;
SOUTERRAIN;COR.PL61ZORVA;LIAISON 225kV N0 1 CORDEMAIS-POSTE - ST JOSEPH - ORVAULT;EN EXPLOITATION;225kV;1;;;;;;;;
SOUTERRAIN;SSROCL61VERTE;LIAISON 225kV N0 1 ST-ROCH - VERTEFEUILLE;EN EXPLOITATION;225kV;1;;;;;;;;
SOUTERRAIN;DAMBRL62ZESPI;LIAISON 225kV N0 2 CHAUNAY - DAMBRON - ESPIERS (LES);EN EXPLOITATION;225kV;1;;;;;;;;
SOUTERRAIN;FREJUL61TRANS;LIAISON 225kV N0 1 FREJUS-TRANS;EN EXPLOITATION;225kV;1;;;;;;;;
SOUTERRAIN;AQUEDL62LISSE;LIAISON 225kV N0 2 AQUEDUCS (LES) - LISSES;EN EXPLOITATION;225kV;1;;;;;;;;
SOUTERRAIN;ARGE6L61CORME;LIAISON 225kV N0 1 ARGENTEUIL-CORMEILLES;EN EXPLOITATION;225kV;1;;;;;;;;
SOUTERRAIN;HOLQUL61LONG9;LIAISON 225kV N0 1 HOLQUE-LONGUENESSE;EN EXPLOITATION;225kV;1;;;;;;;;
SOUTERRAIN;BOR.CL61FLOIR;LIAISON 225kV N0 1 BORDEAUX CENTRE-FLOIRAC EDF;EN EXPLOITATION;225kV;1;;;;;;;;
SOUTERRAIN;BOISSL61MEYZI;LIAISON 225kV N0 1 BOISSE (LA) - MEYZIEU;EN EXPLOITATION;225kV;1;;;;;;;;
SOUTERRAIN;SSAMOL61VAISE;LIAISON 225kV N0 1 ST-AMOUR-VAISE;EN EXPLOITATION;225kV;1;;;;;;;;
SOUTERRAIN;EGUZOL61MARMA;LIAISON 225kV N0 1 EGUZON-MARMAGNE;EN EXPLOITATION;225kV;1;;;;;;;;
SOUTERRAIN;RICHAL62SONNE;LIAISON 225kV N0 2 RICHARDET-SONNETTES;EN EXPLOITATION;225kV;1;;;;;;;;
SOUTERRAIN;ALESIL61R.COT;LIAISON 225kV N0 1 ALESIA-RENE COTY;EN EXPLOITATION;225kV;1;;;;;;;;
SOUTERRAIN;P.RHIL61SPORE;LIAISON 225kV N0 1 PORT-DU-RHIN-SPORENINSEL;EN EXPLOITATION;225kV;1;;;;;;;;
SOUTERRAIN;MORBRL62SONNE;LIAISON 225kV N0 2 MORBRAS-SONNETTES;EN EXPLOITATION;225kV;1;;;;;;;;
SOUTERRAIN;G.ROUL62V.ILE;LIAISON 225kV N0 2 GUE-AU-ROUX (LE) - VENT-DES-ILES;EN EXPLOITATION;225kV;1;;;;;;;;
SOUTERRAIN;AYRESL61ZS.CU;LIAISON 225kV N0 1 AYRES - SALLES CURAN - ONET-LE-CHATEAU;EN EXPLOITATION;225kV;1;;;;;;;;
SOUTERRAIN;GRAMOL61VERFE;LIAISON 225kV N0 1 GRAMONT - VERFEIL;EN EXPLOITATION;225kV;1;;;;;;;;
SOUTERRAIN;G.COLL62WARAN;LIAISON 225kV N0 2 GRAND COLOMBIER-WARANDE;EN EXPLOITATION;225kV;1;;;;;;;;
SOUTERRAIN;CIROLL61LOGES;LIAISON 225kV N0 1 CIROLLIERS-LOGES (LES);EN EXPLOITATION;225kV;1;;;;;;;;
SOUTERRAIN;GABIOL61RATIE;LIAISON 225kV N0 1 GABION-RATIER;EN EXPLOITATION;225kV;1;;;;;;;;
SOUTERRAIN;BRUGEL61ZPARR;LIAISON 225kV N0 1 BRUGES - GARIES - PESSAC;EN EXPLOITATION;225kV;1;;;;;;;;
SOUTERRAIN;BOUCHL71MASTA;LIAISON 400kV N0 1 BOUCHAIN - MASTAING;EN EXPLOITATION;400kV;1;;;;;;;;
SOUTERRAIN;MAMBEL61VAROI;LIAISON 225kV N0 1 MAMBELIN - VAROILLES (LES);EN EXPLOITATION;225kV;1;;;;;;;;
SOUTERRAIN;BAYETL61MTVIC;LIAISON 225kV N0 1 BAYET - MONTVICQ;EN EXPLOITATION;225kV;1;;;;;;;;
SOUTERRAIN;P.GASL62V.BEL;LIAISON 225kV N0 2 PLESSIS-GASSOT - VILLIERS-LE-BEL;EN EXPLOITATION;225kV;1;;;;;;;;
SOUTERRAIN;BIANCL61FREJU;LIAISON 225kV N0 1 BIANCON - FREJUS;EN EXPLOITATION;225kV;1;;;;;;;;
SOUTERRAIN;BIANCL61P.GR5;LIAISON 225kV N0 1 BIANCON-PLAN-DE-GRASSE;EN EXPLOITATION;225kV;1;;;;;;;;
SOUTERRAIN;CHESNL63CZTRY;LIAISON 225kV N0 3 CHESNOY (LE) - COURTRY;EN EXPLOITATION;225kV;1;;;;;;;;
SOUTERRAIN;B.MAIL61E.BOT;LIAISON 225kV N0 1 BELLE-DE-MAI-ENCO-DE-BOTTE;EN EXPLOITATION;225kV;1;;;;;;;;
SOUTERRAIN;GAVREL61MORCH;LIAISON 225kV N0 1 GAVRELLE - MORCHIES;EN EXPLOITATION;225kV;1;;;;;;;;
SOUTERRAIN;FALLOL61NOVIO;LIAISON 225kV N0 1 FALLOU-NOVION;EN EXPLOITATION;225kV;1;;;;;;;;
SOUTERRAIN;LEVALL63PERRE;LIAISON 225kV N0 3 LEVALLOIS - PERRET;EN EXPLOITATION;225kV;1;;;;;;;;
SOUTERRAIN;ERASML61GOBEL;LIAISON 225kV N0 1 ERASME-GOBELINS;EN EXPLOITATION;225kV;1;;;;;;;;
SOUTERRAIN;COUPVL61ORSON;LIAISON 225kV N0 1 COUPVRAY - ORSONVILLE;EN EXPLOITATION;225kV;1;;;;;;;;
SOUTERRAIN;BIANCL61MOUGI;LIAISON 225kV N0 1 BIANCON-MOUGINS;EN EXPLOITATION;225kV;1;;;;;;;;
SOUTERRAIN;MTJAYL61ZMTJA;LIAISON 225kV N0 1 ST-AUBIN - MONTJAY - VILLEJUST;EN EXPLOITATION;225kV;1;;;;;;;;
SOUTERRAIN;COUDOL62GARD7;LIAISON 225kV N0 2 COUDON (LE)-GARDE (LA);EN EXPLOITATION;225kV;1;;;;;;;;
SOUTERRAIN;CERGYL73TERRI;LIAISON 400kV N0 3 CERGY - TERRIER;EN EXPLOITATION;400kV;1;;;;;;;;
SOUTERRAIN;CARDIL61NOVIO;LIAISON 225kV N0 1 CARDINET-NOVION;EN EXPLOITATION;225kV;1;;;;;;;;
SOUTERRAIN;CHEVIL61RUNGI;LIAISON 225kV N0 1 CHEVILLY-RUNGIS;EN EXPLOITATION;225kV;1;;;;;;;;
SOUTERRAIN;CHEVIL61CRETA;LIAISON 225kV N0 1 CHEVILLY - CRETAINE;EN EXPLOITATION;225kV;1;;;;;;;;
SOUTERRAIN;GRIM5L61TRANS;LIAISON 225kV N0 1 GRIMAUD - TRANS;EN EXPLOITATION;225kV;1;;;;;;;;
SOUTERRAIN;CHESNL62VOULZ;LIAISON 225kV N0 2 CHESNOY (LE)-VOULZIE (LA);EN EXPLOITATION;225kV;1;;;;;;;;
SOUTERRAIN;CHAREL61CORIO;LIAISON 225kV N0 1 CHARENTON-CORIOLIS;EN EXPLOITATION;225kV;1;;;;;;;;
SOUTERRAIN;ARGE6L61PERRE;LIAISON 225kV N0 1 ARGENTEUIL-PERRET;EN EXPLOITATION;225kV;1;;;;;;;;
SOUTERRAIN;FALLOL63ZFANA;LIAISON 225kV N0 3 FALLOU - FANAUDES - PLESSIS-GASSOT;EN EXPLOITATION;225kV;1;;;;;;;;
SOUTERRAIN;FALLOL64ZFAN5;LIAISON 225kV N0 4 FALLOU - FANAUDES - PLESSIS-GASSOT;EN EXPLOITATION;225kV;1;;;;;;;;
SOUTERRAIN;ENVALL61SSRO5;LIAISON 225kV N0 1 ENVAL - ST-PIERRE-ROCHE;EN EXPLOITATION;225kV;1;;;;;;;;
SOUTERRAIN;TRANSL61ZGUE5;LIAISON 225kV N0 1 GUERACHE (LA) - PIQUAGE A GUERACHE (LA) - TRANS - VINS;EN EXPLOITATION;225kV;1;;;;;;;;
SOUTERRAIN;AYRESL61GANGE;LIAISON 225kV N0 1 AYRES - GANGES;EN EXPLOITATION;225kV;1;;;;;;;;
SOUTERRAIN;CSLL8L61TAMAR;LIAISON 225kV N0 1 CASTELLE (LA) - TAMAREAU;EN EXPLOITATION;225kV;1;;;;;;;;
SOUTERRAIN;NEY  L62SSOU5;LIAISON 225kV N0 2 NEY - ST-OUEN (POSTE);EN EXPLOITATION;225kV;1;;;;;;;;
SOUTERRAIN;P.SEPL61SAINN;LIAISON 225kV N0 1 PONT-SEPT-SAINNEVILLE;EN EXPLOITATION;225kV;1;;;;;;;;
SOUTERRAIN;E.BOTL61MAZAR;LIAISON 225kV N0 1 ENCO-DE-BOTTE-MAZARGUES;EN EXPLOITATION;225kV;1;;;;;;;;
SOUTERRAIN;BOUSCL61BRUGE;LIAISON 225kV N0 1 BOUSCAT-BRUGES;EN EXPLOITATION;225kV;1;;;;;;;;
SOUTERRAIN;MTCROL61VENDI;LIAISON 225kV N0 1 MONTCROISETTE - VENDIN;EN EXPLOITATION;225kV;1;;;;;;;;
SOUTERRAIN;BEC5 L62MQIS;LIAISON 225kV N0 2 BEC - MARQUIS (LE);EN EXPLOITATION;225kV;1;;;;;;;;
SOUTERRAIN;ARRIGL61GUESD;LIAISON 225kV N0 1 ARRIGHI-GUESDE;EN EXPLOITATION;225kV;1;;;;;;;;
SOUTERRAIN;BONNEL61CUS.P;LIAISON 225kV N0 1 BONNETERRE-CUSSET-POSTE;EN EXPLOITATION;225kV;1;;;;;;;;
SOUTERRAIN;BOLL5L61CROI6;LIAISON 225kV N0 1 BOLLENE-CROISIERE;EN EXPLOITATION;225kV;1;;;;;;;;
SOUTERRAIN;RIVIEL61SANSS;LIAISON 225kV N0 1 RIVIERE (LA) - SANSSAC (L EGLISE);EN EXPLOITATION;225kV;1;;;;;;;;
SOUTERRAIN;BERT5L61CHEVI;LIAISON 225kV N0 1 BERTHOLLET-CHEVILLY;EN EXPLOITATION;225kV;1;;;;;;;;
SOUTERRAIN;ELANCL61VERIN;LIAISON 225kV N0 1 ELANCOURT - VERINNERIE (LA);EN EXPLOITATION;225kV;1;;;;;;;;
SOUTERRAIN;PLAISL61ROMAI;LIAISON 225kV N0 1 PLAISANCE-ROMAINVILLE;EN EXPLOITATION;225kV;1;;;;;;;;
SOUTERRAIN;VLEJUL611CLAM;LIAISON 225kV N0 1 CLAMART - VILLEJUST;EN EXPLOITATION;225kV;1;;;;;;;;
SOUTERRAIN;MOUL8L61VLEJU;LIAISON 225kV N0 1 MOULINEAUX - VILLEJUST;EN EXPLOITATION;225kV;1;;;;;;;;
SOUTERRAIN;RICHAL61SONNE;LIAISON 225kV N0 1 RICHARDET-SONNETTES;EN EXPLOITATION;225kV;1;;;;;;;;
SOUTERRAIN;BATELL61SSOU5;LIAISON 225kV N0 1 BATELIERS-ST-OUEN (POSTE);EN EXPLOITATION;225kV;1;;;;;;;;
SOUTERRAIN;NANTEL62RUEIL;LIAISON 225kV N0 2 NANTERRE-RUEIL;EN EXPLOITATION;225kV;1;;;;;;;;
SOUTERRAIN;MORBRL62MORB5;LIAISON 225kV N0 2 MORBRAS-MORBRAS (POSTE SOURCE);EN EXPLOITATION;225kV;1;;;;;;;;
SOUTERRAIN;BAIXAL62SOLER;LIAISON 225kV N0 2 BAIXAS - LE SOLER;EN EXPLOITATION;225kV;1;;;;;;;;
SOUTERRAIN;G.MASL61ISSOI;LIAISON 225kV N0 1 GRAND-MAS (LE) - ISSOIRE;EN EXPLOITATION;225kV;1;;;;;;;;
SOUTERRAIN;AUSTEL61CORIO;LIAISON 225kV N0 1 AUSTERLITZ-CORIOLIS;EN EXPLOITATION;225kV;1;;;;;;;;
SOUTERRAIN;B.MONL61G.CO6;LIAISON 225kV N0 1 BEAUMONT-MONTEUX - GRAND-COURBIS;EN EXPLOITATION;225kV;1;;;;;;;;
SOUTERRAIN;CPNIEL61SABL5;LIAISON 225kV N0 1 CHAMPAGNIER-SABLES (LES);EN EXPLOITATION;225kV;1;;;;;;;;
SOUTERRAIN;B.CHAL61ROMAI;LIAISON 225kV N0 1 BUTTES CHAUMONT-ROMAINVILLE;EN EXPLOITATION;225kV;1;;;;;;;;
SOUTERRAIN;CHESNL65MTERE;LIAISON 225kV N0 5 CHESNOY (LE)-MONTEREAU;EN EXPLOITATION;225kV;1;;;;;;;;
SOUTERRAIN;SSAU5L61VLERA;LIAISON 225kV N0 1 ST-AUBIN-VILLERAS;EN EXPLOITATION;225kV;1;;;;;;;;
SOUTERRAIN;DECINL61VENIS;LIAISON 225kV N0 1 DECINES-VENISSIEUX;EN EXPLOITATION;225kV;1;;;;;;;;
SOUTERRAIN;AMARGL61ZARGO;LIAISON 225kV N0 1 AMARGUE - AMIENS - ARGOEUVES;EN EXPLOITATION;225kV;1;;;;;;;;
SOUTERRAIN;CALA5L61MUR;LIAISON 225kV N0 1 CALAN - MUR (-DE-BRETAGNE);EN EXPLOITATION;225kV;1;;;;;;;;
SOUTERRAIN;TAVELL62VIRAD;LIAISON 225kV N0 2 TAVEL-VIRADEL;EN EXPLOITATION;225kV;1;;;;;;;;
SOUTERRAIN;CORMEL61F.LOU;LIAISON 225kV N0 1 CORMEILLES - FOSSE AUX LOUPS (LA);EN EXPLOITATION;225kV;1;;;;;;;;
SOUTERRAIN;CHESNL61ROUSS;LIAISON 225kV N0 1 CHESNOY (LE) - ROUSSON;EN EXPLOITATION;225kV;1;;;;;;;;
SOUTERRAIN;ARRIGL61MORBR;LIAISON 225kV N0 1 ARRIGHI-MORBRAS;EN EXPLOITATION;225kV;1;;;;;;;;
SOUTERRAIN;CHESNL62CZTRY;LIAISON 225kV N0 2 CHESNOY (LE)-COURTRY;EN EXPLOITATION;225kV;1;;;;;;;;
SOUTERRAIN;ARENCL61SAUM6;LIAISON 225kV N0 1 ARENC-SAUMATY;EN EXPLOITATION;225kV;1;;;;;;;;
SOUTERRAIN;DOMLOL61MORIH;LIAISON 225kV N0 1 DOMLOUP - MORIHAN;EN EXPLOITATION;225kV;1;;;;;;;;
SOUTERRAIN;BERSAL62PERTA;LIAISON 225kV N0 2 BERSAUCOURT - PERTAIN;EN EXPLOITATION;225kV;1;;;;;;;;
SOUTERRAIN;H.PAUL61ZCUR5;LIAISON 225kV N0 1 CURTIL - GROSNE - HENRI-PAUL;EN EXPLOITATION;225kV;1;;;;;;;;
SOUTERRAIN;V.BELL62ZV.BE;LIAISON 225kV N0 2 FALLOU - PLESSIS-GASSOT - VILLIERS-LE-BEL;EN EXPLOITATION;225kV;1;;;;;;;;
SOUTERRAIN;C.FO6L61MIONN;LIAISON 225kV N0 1 CAILLOUX-SUR-FONTAINES - MIONNAY;EN EXPLOITATION;225kV;1;;;;;;;;
SOUTERRAIN;G.MASL62ISSOI;LIAISON 225kV N0 2 GRAND-MAS (LE) - ISSOIRE;EN EXPLOITATION;225kV;1;;;;;;;;
SOUTERRAIN;DARSEL61RASSU;LIAISON 225kV N0 1 DARSE-RASSUEN;EN EXPLOITATION;225kV;1;;;;;;;;
SOUTERRAIN;GAMBEL61VINC5;LIAISON 225kV N0 1 GAMBETTA - VINCENNES;EN EXPLOITATION;225kV;1;;;;;;;;
SOUTERRAIN;NEY  L61SSOU5;LIAISON 225kV N0 1 NEY-ST-OUEN (POSTE);EN EXPLOITATION;225kV;1;;;;;;;;
SOUTERRAIN;ALESIL61BERT5;LIAISON 225kV N0 1 ALESIA-BERTHOLLET;EN EXPLOITATION;225kV;1;;;;;;;;
SOUTERRAIN;AMIENL61ZBXV6;LIAISON 225kV N0 1 AMIENS - AVESNES-LE-COMTE - VICOGNE (LA);EN EXPLOITATION;225kV;1;;;;;;;;
SOUTERRAIN;CRETAL61R.COT;LIAISON 225kV N0 1 CRETAINE-RENE COTY;EN EXPLOITATION;225kV;1;;;;;;;;
SOUTERRAIN;AMELOL61SAUS5;LIAISON 225kV N0 1 AMELOT (AEROPORT PARIS NORD) - SAUSSET;EN EXPLOITATION;225kV;1;;;;;;;;
SOUTERRAIN;NEOULL61ZROCB;LIAISON 225kV N0 1 NEOULES - ROCBARON - VINS;EN EXPLOITATION;225kV;1;;;;;;;;
SOUTERRAIN;CHAREL61COLON;LIAISON 225kV N0 1 CHARENTON-COLONIE;EN EXPLOITATION;225kV;1;;;;;;;;
SOUTERRAIN;AMNEVL61RICHE;LIAISON 225kV N0 1 AMNEVILLE-RICHEMONT;EN EXPLOITATION;225kV;1;;;;;;;;
SOUTERRAIN;A.COML61MTCRO;LIAISON 225kV N0 1 AVESNES-LE-COMTE - MONTCROISETTE;EN EXPLOITATION;225kV;1;;;;;;;;
SOUTERRAIN;C.REGL62VIELM;LIAISON 225kV N0 2 CHAMPS-REGNAUD-VIELMOULIN;EN EXPLOITATION;225kV;1;;;;;;;;
SOUTERRAIN;ANTIBL61MOUGI;LIAISON 225kV N0 1 ANTIBES-MOUGINS;EN EXPLOITATION;225kV;1;;;;;;;;
SOUTERRAIN;NIME6L61SSCES;LIAISON 225kV N0 1 NIMES-ST-CESAIRE;EN EXPLOITATION;225kV;1;;;;;;;;
SOUTERRAIN;FROGEL62MONNE;LIAISON 225kV N0 2 FROGES - MONNET;EN EXPLOITATION;225kV;1;;;;;;;;
SOUTERRAIN;BERGHL61SARR9;LIAISON 225kV N0 1 BERGHOLZ-SARRALTROFF;EN EXPLOITATION;225kV;1;;;;;;;;
SOUTERRAIN;CHAREL61NATI3;LIAISON 225kV N0 1 CHARENTON - NATION III;EN EXPLOITATION;225kV;1;;;;;;;;
SOUTERRAIN;CROIXL61ROU.N;LIAISON 225kV N0 1 CROIX (LA) - ROUBAIX-NORD;EN EXPLOITATION;225kV;1;;;;;;;;
SOUTERRAIN;BISSYL61G.ILE;LIAISON 225kV N0 1 BISSY-GRANDE-ILE;EN EXPLOITATION;225kV;1;;;;;;;;
SOUTERRAIN;DECHYL62T.NOI;LIAISON 225kV N0 2 DECHY - TERRES-NOIRES (S.N.C.F.);EN EXPLOITATION;225kV;1;;;;;;;;
SOUTERRAIN;FANAUL63ZFANA;LIAISON 225kV N0 3 FALLOU - FANAUDES - PLESSIS-GASSOT;EN EXPLOITATION;225kV;1;;;;;;;;
SOUTERRAIN;DAMBRL61ZJUST;LIAISON 225kV N0 1 CHAUNAY - DAMBRON - JUSTICE;EN EXPLOITATION;225kV;1;;;;;;;;
SOUTERRAIN;MALA6L61NATI3;LIAISON 225kV N0 1 MALASSIS-NATION;EN EXPLOITATION;225kV;1;;;;;;;;
SOUTERRAIN;ROBI5L61ZROBI;LIAISON 225kV N0 1 CHATILLON (CLAMART) - ROBINSON - VILLEJUST;EN EXPLOITATION;225kV;1;;;;;;;;
SOUTERRAIN;GARD7L61HYERE;LIAISON 225kV N0 1 GARDE (LA)-HYERES;EN EXPLOITATION;225kV;1;;;;;;;;
SOUTERRAIN;LEVALL61PERRE;LIAISON 225kV N0 1 LEVALLOIS-PERRET;EN EXPLOITATION;225kV;1;;;;;;;;
SOUTERRAIN;SAUS5L61ZGONE;LIAISON 225kV N0 1 PLESSIS-GASSOT - SAUSSET - GONESSE;EN EXPLOITATION;225kV;1;;;;;;;;
SOUTERRAIN;MARTYL61PONAN;LIAISON 225kV N0 1 MARTYRE (LA) - PONANT;EN EXPLOITATION;225kV;1;;;;;;;;
SOUTERRAIN;ARRIGL61V.GEO;LIAISON 225kV N0 1 ARRIGHI-VILLENEUVE-ST-GEORGES;EN EXPLOITATION;225kV;1;;;;;;;;
SOUTERRAIN;JONQUL62SSCES;LIAISON 225kV N0 2 JONQUIERES-ST-CESAIRE;EN EXPLOITATION;225kV;1;;;;;;;;
SOUTERRAIN;GAMBEL61MALA6;LIAISON 225kV N0 1 GAMBETTA-MALASSIS;EN EXPLOITATION;225kV;1;;;;;;;;
SOUTERRAIN;PERRAL61SSAMO;LIAISON 225kV N0 1 PERRACHE - ST AMOUR;EN EXPLOITATION;225kV;1;;;;;;;;
SOUTERRAIN;EGUZOL61MOUS5;LIAISON 225kV N0 1 EGUZON-MOUSSEAUX;EN EXPLOITATION;225kV;1;;;;;;;;
SOUTERRAIN;MENUSL61MUETT;LIAISON 225kV N0 1 MENUS-LA MUETTE;EN EXPLOITATION;225kV;1;;;;;;;;
SOUTERRAIN;SACL5L61VLERA;LIAISON 225kV N0 1 SACLAY (PLATEAU) - VILLERAS;EN EXPLOITATION;225kV;1;;;;;;;;
SOUTERRAIN;LAMORL61NANTE;LIAISON 225kV N0 1 LAMORUE-NANTERRE;EN EXPLOITATION;225kV;1;;;;;;;;
SOUTERRAIN;CORMEL61NANTE;LIAISON 225kV N0 1 CORMEILLES-NANTERRE (1A-1);EN EXPLOITATION;225kV;1;;;;;;;;
SOUTERRAIN;CORMEL61PERRE;LIAISON 225kV N0 1 CORMEILLES-PERRET;EN EXPLOITATION;225kV;1;;;;;;;;
SOUTERRAIN;BACALL61MQIS;LIAISON 225kV N0 1 BACALAN-MARQUIS (LE);EN EXPLOITATION;225kV;1;;;;;;;;
SOUTERRAIN;DOMLOL62ZSSL7;LIAISON 225kV N0 2 BELLE-EPINE - DOMLOUP - ST-LAURENT;EN EXPLOITATION;225kV;1;;;;;;;;
SOUTERRAIN;PATISL61REMIS;LIAISON 225kV N0 1 PATIS - REMISE;EN EXPLOITATION;225kV;1;;;;;;;;
SOUTERRAIN;HELLEL61M.LIL;LIAISON 225kV N0 1 HELLEMMES-MOULINS-LILLE;EN EXPLOITATION;225kV;1;;;;;;;;
SOUTERRAIN;ROBI5L62ZROB5;RES. LIAISON 225kV N0 2 CHATILLON (CLAMART) - ROBINSON - VILLEJUST;EN EXPLOITATION;225kV;1;;;;;;;;
SOUTERRAIN;CROIXL61P.ME5;LIAISON 225kV N0 1 CROIX (LA)-PETIT-MENIN;EN EXPLOITATION;225kV;1;;;;;;;;
SOUTERRAIN;A.MOUL61DURAN;LIAISON 225kV N0 1 AIX-MOURET - DURANNE (LA);EN EXPLOITATION;225kV;1;;;;;;;;
SOUTERRAIN;CERGYL63ZFRO6;LIAISON 225kV N0 3 CERGY - CORMEILLES - FROMAINVILLE;EN EXPLOITATION;225kV;1;;;;;;;;
SOUTERRAIN;CESTAL61CONST;LIAISON 225kV N0 1 CESTAS - CONSTANTIN;EN EXPLOITATION;225kV;1;;;;;;;;
SOUTERRAIN;B.MONL61B.MON;LIAISON 225kV N0 1 BEAUMONT-MONTEUX - AT761;EN EXPLOITATION;225kV;1;;;;;;;;
SOUTERRAIN;COMMUL61H.PAU;LIAISON 225kV N0 1 COMMUNE-HENRI-PAUL;EN EXPLOITATION;225kV;1;;;;;;;;
SOUTERRAIN;FLOIRL62MQIS;LIAISON 225kV N0 2 FLOIRAC EDF-MARQUIS (LE);EN EXPLOITATION;225kV;1;;;;;;;;
SOUTERRAIN;E.RHOL61ZMANG;LIAISON 225kV N0 1 ETOILE-SUR-RHONE - LOGIS-NEUF - VALENCE;EN EXPLOITATION;225kV;1;;;;;;;;
SOUTERRAIN;M.PONL65PONTE;LIAISON 225kV N0 5 MARTIGUES-PONTEAU - PONTEAU;EN EXPLOITATION;225kV;1;;;;;;;;
SOUTERRAIN;SSJOSL61ZDOUL;LIAISON 225kV N0 1 CHEVIRE - DOULON - ST-JOSEPH;EN EXPLOITATION;225kV;1;;;;;;;;
SOUTERRAIN;FROGEL61MONNE;LIAISON 225kV N0 1 FROGES - MONNET;EN EXPLOITATION;225kV;1;;;;;;;;
SOUTERRAIN;P.SIML61PALAY;LIAISON 225kV N0 1 PORTET-ST-SIMON  - PALAYRE;EN EXPLOITATION;225kV;1;;;;;;;;
SOUTERRAIN;CAULAL61SEINE;LIAISON 225kV N0 1 CAULAINCOURT - SEINE;EN EXPLOITATION;225kV;1;;;;;;;;
SOUTERRAIN;MORBRL62ZLAN8;LIAISON 225kV N0 2 LANGLOIS - MORBRAS - VILLEVAUDE;EN EXPLOITATION;225kV;1;;;;;;;;
SOUTERRAIN;BOULEL61PUTEA;LIAISON 225kV N0 1 BOULE (LA) - PUTEAUX;EN EXPLOITATION;225kV;1;;;;;;;;
SOUTERRAIN;MORIHL62ZKERL;LIAISON 225kV N0 2 CHEVIRE - CORDEMAIS-POSTE - MORIHAN;EN EXPLOITATION;225kV;1;;;;;;;;
SOUTERRAIN;E.BOTL61RABAT;LIAISON 225kV N0 1 ENCO-DE-BOTTE - RABATAU;EN EXPLOITATION;225kV;1;;;;;;;;
SOUTERRAIN;CREC6L62WEPPE;LIAISON 225kV N0 2 CRECHETS (LES)-WEPPES;EN EXPLOITATION;225kV;1;;;;;;;;
SOUTERRAIN;PUTEAL61PUTE5;LIAISON 225kV N0 1 PUTEAUX-PUTEAUX (IMPASSE LEGAGNEUX);EN EXPLOITATION;225kV;1;;;;;;;;
SOUTERRAIN;BISC6L62JONQU;LIAISON 225kV N0 2 BISCARRAT-JONQUIERES;EN EXPLOITATION;225kV;1;;;;;;;;
SOUTERRAIN;AYRESL62SSVIC;LIAISON 225kV N0 2 AYRES - ST-VICTOR;EN EXPLOITATION;225kV;1;;;;;;;;
SOUTERRAIN;CHEVIL61V.GEO;LIAISON 225kV N0 1 CHEVILLY - VILLENEUVE-ST-GEORGES;EN EXPLOITATION;225kV;1;;;;;;;;
SOUTERRAIN;N.MARL61PLAIS;LIAISON 225kV N0 1 NEUILLY-SUR-MARNE (POSTE D)-PLAISANCE;EN EXPLOITATION;225kV;1;;;;;;;;
SOUTERRAIN;COUPVL61VLEVA;LIAISON 225kV N0 1 COUPVRAY - VILLEVAUDE;EN EXPLOITATION;225kV;1;;;;;;;;
SOUTERRAIN;GUEUGL61H.PAU;LIAISON 225kV N0 1 GUEUGNON - HENRI-PAUL;EN EXPLOITATION;225kV;1;;;;;;;;
SOUTERRAIN;GATELL61ZSSG7;LIAISON 225kV N0 1 BREUIL (LE) - GATELLIER - GODIN;EN EXPLOITATION;225kV;1;;;;;;;;
SOUTERRAIN;NOISYL61ROMAI;LIAISON 225kV N0 1 NOISY - ROMAINVILLE 1 (SNCF);EN EXPLOITATION;225kV;1;;;;;;;;
SOUTERRAIN;VLEJUL61VLERA;LIAISON 225kV N0 1 VILLEJUST-VILLERAS;EN EXPLOITATION;225kV;1;;;;;;;;
SOUTERRAIN;PRRTTL61VERTE;LIAISON 225kV N0 1 PIERRETTE (LA) - VERTEFEUILLE;EN EXPLOITATION;225kV;1;;;;;;;;
SOUTERRAIN;EDITHL62TRI.P;LIAISON 225kV N0 2 EDITH - TRICASTIN-POSTE (LE);EN EXPLOITATION;225kV;1;;;;;;;;
SOUTERRAIN;ULISSL61ZV.BR;LIAISON 225kV N0 1 ROBINSON - VILLEJUST  - ULIS (LES);EN EXPLOITATION;225kV;1;;;;;;;;
SOUTERRAIN;GAVREL61LAMBR;LIAISON 225kV N0 1 GAVRELLE - LAMBRES-LEZ-DOUAI;EN EXPLOITATION;225kV;1;;;;;;;;
SOUTERRAIN;B.GUEL61PRINQ;LIAISON 225kV N0 1 BANC-DE-GUERANDE - PRINQUIAU;EN EXPLOITATION;225kV;1;;;;;;;;
SOUTERRAIN;LAMORL62NANTE;LIAISON 225kV N0 2 LAMORUE - NANTERRE (EDF);EN EXPLOITATION;225kV;1;;;;;;;;
SOUTERRAIN;MTEZIL72MTEZ5;LIAISON 400kV N0 2 MONTEZIC (CENTRALE) - MONTEZIC (POSTE EXTERIEUR);EN EXPLOITATION;400kV;1;;;;;;;;
SOUTERRAIN;HARC7L61ROBI5;LIAISON 225kV N0 1 HARCOURT (POSTE BLINDE) - ROBINSON;EN EXPLOITATION;225kV;1;;;;;;;;
SOUTERRAIN;GAUDIL61LIVIE;LIAISON 225kV N0 1 LA GAUDIERE - LIVIERE;EN EXPLOITATION;225kV;1;;;;;;;;
SOUTERRAIN;GEN.PL61ZCRUS;LIAISON 225kV N0 1 CORNIER - CRUSEILLES - GENISSIAT-POSTE;EN EXPLOITATION;225kV;1;;;;;;;;
SOUTERRAIN;BXCAIL62JONQU;LIAISON 225kV N0 2 BEAUCAIRE(CENTRALE CNR)-JONQUIERES;EN EXPLOITATION;225kV;1;;;;;;;;
SOUTERRAIN;BALMAL61TOU.C;LIAISON 225kV N0 1 BALMA (POSTE)-TOULOUSE CENTRE;EN EXPLOITATION;225kV;1;;;;;;;;
SOUTERRAIN;CISSAL61MQIS;LIAISON 225kV N0 1 CISSAC-MARQUIS (LE);EN EXPLOITATION;225kV;1;;;;;;;;
SOUTERRAIN;ETINCL61GAVRE;LIAISON 225kV N0 1 ETINCHELLE-GAVRELLE;EN EXPLOITATION;225kV;1;;;;;;;;
SOUTERRAIN;BAUDRL61PERRE;LIAISON 225kV N0 1 BAUDRY-PERRET;EN EXPLOITATION;225kV;1;;;;;;;;
SOUTERRAIN;AYRESL61SSVIC;LIAISON 225kV N0 1 AYRES - ST-VICTOR;EN EXPLOITATION;225kV;1;;;;;;;;
SOUTERRAIN;AYRESL61GODIN;LIAISON 225kV N0 1 AYRES - GODIN;EN EXPLOITATION;225kV;1;;;;;;;;
SOUTERRAIN;ALSACL61PUTEA;LIAISON 225kV N0 1 ALSACE-PUTEAUX;EN EXPLOITATION;225kV;1;;;;;;;;
SOUTERRAIN;NOVIOL61SSOU5;LIAISON 225kV N0 1 NOVION - ST-OUEN (POSTE);EN EXPLOITATION;225kV;1;;;;;;;;
SOUTERRAIN;BATIGL61PERRE;LIAISON 225kV N0 1 BATIGNOLLES-PERRET;EN EXPLOITATION;225kV;1;;;;;;;;
SOUTERRAIN;MTPELL61PEYRO;LIAISON 225kV N0 1 MONTPELLIER - PEYROU;EN EXPLOITATION;225kV;1;;;;;;;;
SOUTERRAIN;BATIGL62CARDI;LIAISON 225kV N0 2 BATIGNOLLES - CARDINET;EN EXPLOITATION;225kV;1;;;;;;;;
SOUTERRAIN;G.ROUL61V.ILE;LIAISON 225kV N0 1 GUE-AU-ROUX (LE) - VENT-DES-ILES;EN EXPLOITATION;225kV;1;;;;;;;;
SOUTERRAIN;G.ILEL62MOLL5;LIAISON 225kV N0 2 GRANDE-ILE - MOLLETTES (LES);EN EXPLOITATION;225kV;1;;;;;;;;
SOUTERRAIN;MANDAL63TUNNE;LIAISON 225kV N0 3 MANDARINS - TUNNEL;EN EXPLOITATION;225kV;1;;;;;;;;
SOUTERRAIN;LONG4L61MENUS;LIAISON 225kV N0 1 LONGCHAMP PARIS-MENUS;EN EXPLOITATION;225kV;1;;;;;;;;
SOUTERRAIN;BOCCAL61MOUGI;LIAISON 225kV N0 1 BOCCA (LA) - MOUGINS;EN EXPLOITATION;225kV;1;;;;;;;;
SOUTERRAIN;WARANL61ZDUV5;LIAISON 225kV N0 1 BRODE - DUVIGNEAU - WARANDE;EN EXPLOITATION;225kV;1;;;;;;;;
SOUTERRAIN;ROMAIL61VLEVA;LIAISON 225kV N0 1 ROMAINVILLE-VILLEVAUDE;EN EXPLOITATION;225kV;1;;;;;;;;
SOUTERRAIN;CHARPL61VAISE;LIAISON 225kV N0 1 CHARPENAY - VAISE;EN EXPLOITATION;225kV;1;;;;;;;;
SOUTERRAIN;Q.ECLL61ZQ.EC;LIAISON 225kV N0 1 DUNES (LES) - GRANDE-SYNTHE - QUATRE-ECLUSES;EN EXPLOITATION;225kV;1;;;;;;;;
SOUTERRAIN;ROUMAL61ZGRA6;LIAISON 225kV N0 1 BEAULIEU - ROUMAGNOLLE - GRANZAY;EN EXPLOITATION;225kV;1;;;;;;;;
SOUTERRAIN;FLEACL61ROUMA;LIAISON 225kV N0 1 FLEAC - ROUMAGNOLLE;EN EXPLOITATION;225kV;1;;;;;;;;
SOUTERRAIN;BISC6L61JONQU;LIAISON 225kV N0 1 BISCARRAT-JONQUIERES;EN EXPLOITATION;225kV;1;;;;;;;;
SOUTERRAIN;SSAVOL61SUIS5;LIAISON 225kV N0 1 ST-AVOLD-SUISSE;EN EXPLOITATION;225kV;1;;;;;;;;
SOUTERRAIN;BERSAL63PERTA;LIAISON 225kV N0 3 BERSAUCOURT - PERTAIN;EN EXPLOITATION;225kV;1;;;;;;;;
SOUTERRAIN;CRETAL61TOLBI;LIAISON 225kV N0 1 CRETAINE-TOLBIAC;EN EXPLOITATION;225kV;1;;;;;;;;
SOUTERRAIN;CORMEL62ZHER7;LIAISON 225kV N0 2 CERGY - CORMEILLES - HERBLAY;EN EXPLOITATION;225kV;1;;;;;;;;
SOUTERRAIN;S.GUYL61ZFONC;LIAISON 225kV N0 1 GREZILLAC - GUPIE - SAUVETERRE-DE-GUYENNE;EN EXPLOITATION;225kV;1;;;;;;;;
SOUTERRAIN;MIONSL62VENIS;LIAISON 225kV N0 2 MIONS-VENISSIEUX;EN EXPLOITATION;225kV;1;;;;;;;;
SOUTERRAIN;COQUAL61DRONN;LIAISON 225kV N0 1 COQUAINVILLIERS-DRONNIERE (LA);EN EXPLOITATION;225kV;1;;;;;;;;
SOUTERRAIN;ORLY L61RUNGI;LIAISON 225kV N0 1 ORLY - RUNGIS;EN EXPLOITATION;225kV;1;;;;;;;;
SOUTERRAIN;ANSERL61PRRTT;LIAISON 225kV N0 1 ANSEREUILLES (LES) - PIERRETTE (LA);EN EXPLOITATION;225kV;1;;;;;;;;
SOUTERRAIN;MALA6L61VINC5;LIAISON 225kV N0 1 MALASSIS-VINCENNES;EN EXPLOITATION;225kV;1;;;;;;;;
SOUTERRAIN;CSLL8L61SAUMA;LIAISON 225kV N0 1 CASTELLE (LA) - SAUMADE;EN EXPLOITATION;225kV;1;;;;;;;;
SOUTERRAIN;OUDONL61PERTR;LIAISON 225kV N0 1 OUDON - PERTRE (LE);EN EXPLOITATION;225kV;1;;;;;;;;
SOUTERRAIN;ORSONL61ZORS6;LIAISON 225kV N0 1 MORBRAS - ORSONVILLE - VILLEVAUDE;EN EXPLOITATION;225kV;1;;;;;;;;
SOUTERRAIN;G.SYNL62WARAN;LIAISON 225kV N0 2 GRANDE-SYNTHE - WARANDE;EN EXPLOITATION;225kV;1;;;;;;;;
SOUTERRAIN;CASTAL61HARC7;LIAISON 225kV N0 1 CASTAGNARY-HARCOURT (POSTE BLINDE);EN EXPLOITATION;225kV;1;;;;;;;;
SOUTERRAIN;CABRIL61REALT;LIAISON 225kV N0 1 CABRIES-REALTOR;EN EXPLOITATION;225kV;1;;;;;;;;
SOUTERRAIN;J.VILL61VIGNE;LIAISON 225kV N0 1 JOUX-LA-VILLE - VIGNE (LA);EN EXPLOITATION;225kV;1;;;;;;;;
SOUTERRAIN;HARC7L611CLAM;LIAISON 225kV N0 1 CLAMART - HARCOURT (POSTE BLINDE);EN EXPLOITATION;225kV;1;;;;;;;;
SOUTERRAIN;ORAISL61SSTUL;LIAISON 225kV N0 1 ORAISON-STE-TULLE;EN EXPLOITATION;225kV;1;;;;;;;;
SOUTERRAIN;FOSSEL61ORSON;LIAISON 225kV N0 1 FOSSES (LES) - ORSONVILLE;EN EXPLOITATION;225kV;1;;;;;;;;
SOUTERRAIN;TAVELL61VIRAD;LIAISON 225kV N0 1 TAVEL-VIRADEL;EN EXPLOITATION;225kV;1;;;;;;;;
SOUTERRAIN;GAVREL62VENDI;LIAISON 225kV N0 2 GAVRELLE-VENDIN;EN EXPLOITATION;225kV;1;;;;;;;;
SOUTERRAIN;PUTEAL62PUTE5;LIAISON 225kV N0 2 PUTEAUX-PUTEAUX (IMPASSE LEGAGNEUX);EN EXPLOITATION;225kV;1;;;;;;;;
SOUTERRAIN;BXCAIL61JONQU;LIAISON 225kV N0 1 BEAUCAIRE(CENTRALE CNR)-JONQUIERES;EN EXPLOITATION;225kV;1;;;;;;;;
SOUTERRAIN;AMPERL61SEINE;LIAISON 225kV N0 1 AMPERE (SAINT-DENIS) - SEINE;EN EXPLOITATION;225kV;1;;;;;;;;
SOUTERRAIN;GARIBL61JAVEL;LIAISON 225kV N0 1 GARIBALDI-JAVEL;EN EXPLOITATION;225kV;1;;;;;;;;
SOUTERRAIN;DECHYL61GAVRE;LIAISON 225kV N0 1 DECHY - GAVRELLE;EN EXPLOITATION;225kV;1;;;;;;;;
SOUTERRAIN;MENUSL61PUTEA;LIAISON 225kV N0 1 MENUS-PUTEAUX;EN EXPLOITATION;225kV;1;;;;;;;;
SOUTERRAIN;BEZ.EL62SSVIN;LIAISON 225kV N0 2 BEZIERS-EST - ST-VINCENT;EN EXPLOITATION;225kV;1;;;;;;;;
SOUTERRAIN;BALMAL61VERFE;LIAISON 225kV N0 1 BALMA (POSTE)-VERFEIL;EN EXPLOITATION;225kV;1;;;;;;;;
SOUTERRAIN;MARMAL61SSVA6;LIAISON 225kV N0 1 MARMAGNE - ST-CYR-EN-VAL;EN EXPLOITATION;225kV;1;;;;;;;;
SOUTERRAIN;MALECL61PLISO;LIAISON 225kV N0 1 MALECOT-PLISON;EN EXPLOITATION;225kV;1;;;;;;;;
SOUTERRAIN;ASTURL61CZRIE;LIAISON 225kV N0 1 ASTURIES - COURRIERES;EN EXPLOITATION;225kV;1;;;;;;;;
SOUTERRAIN;COR.PL61PRINQ;LIAISON 225kV N0 1 CORDEMAIS-POSTE - PRINQUIAU;EN EXPLOITATION;225kV;1;;;;;;;;
SOUTERRAIN;PALENL62QUATR;LIAISON 225kV N0 2 PALENTE - QUATROUILLOTS (LES);EN EXPLOITATION;225kV;1;;;;;;;;
SOUTERRAIN;ROBI5L61ZV.BR;LIAISON 225kV N0 1 ROBINSON - VILLEJUST  - ULIS (LES);EN EXPLOITATION;225kV;1;;;;;;;;
SOUTERRAIN;B.SSBL62DOBER;LIAISON 225kV N0 2 BAIE-DE-ST-BRIEUC - DOBERIE;EN EXPLOITATION;225kV;1;;;;;;;;
SOUTERRAIN;AQUEDL62ZCOQ5;LIAISON 225kV N0 2 AQUEDUCS (LES) - COQUIBUS - GRIGNY;EN EXPLOITATION;225kV;1;;;;;;;;
SOUTERRAIN;CRUSEL61ZCRUS;LIAISON 225kV N0 1 CORNIER - CRUSEILLES - GENISSIAT-POSTE;EN EXPLOITATION;225kV;1;;;;;;;;
SOUTERRAIN;C.GOML61E.BOT;LIAISON 225kV N0 1 CHATEAU-GOMBERT - ENCO-DE-BOTTE;EN EXPLOITATION;225kV;1;;;;;;;;
SOUTERRAIN;BRAINL61ZBAST;LIAISON 225kV N0 1 BRAINS - CHEVIRE - CORDEMAIS-POSTE;EN EXPLOITATION;225kV;1;;;;;;;;
SOUTERRAIN;SSOU5L61TURGO;LIAISON 225kV N0 1 ST-OUEN (POSTE) - TURGOT;EN EXPLOITATION;225kV;1;;;;;;;;
SOUTERRAIN;CORMEL62NANTE;LIAISON 225kV N0 2 CORMEILLES-NANTERRE (2A-2);EN EXPLOITATION;225kV;1;;;;;;;;
SOUTERRAIN;P.SIML61SSORE;LIAISON 225kV N0 1 PORTET-ST-SIMON-ST-ORENS;EN EXPLOITATION;225kV;1;;;;;;;;
SOUTERRAIN;COR.PL62PRINQ;LIAISON 225kV N0 2 CORDEMAIS-POSTE - PRINQUIAU;EN EXPLOITATION;225kV;1;;;;;;;;
SOUTERRAIN;JUVIGL61ZALL7;LIAISON 225kV N0 1 ALLINGES - CORNIER - JUVIGNY;EN EXPLOITATION;225kV;1;;;;;;;;
SOUTERRAIN;RISSOL61T.VIC;LIAISON 225kV N0 1 RISSO-TRINITE-VICTOR;EN EXPLOITATION;225kV;1;;;;;;;;
SOUTERRAIN;B.CHAL61P.LAC;LIAISON 225kV N0 1 BUTTES-CHAUMONT-PERE-LACHAISE;EN EXPLOITATION;225kV;1;;;;;;;;
SOUTERRAIN;ARRIGL62MORBR;LIAISON 225kV N0 2 ARRIGHI-MORBRAS;EN EXPLOITATION;225kV;1;;;;;;;;
SOUTERRAIN;BOULEL61NANTE;LIAISON 225kV N0 1 BOULE (LA) - NANTERRE (EDF);EN EXPLOITATION;225kV;1;;;;;;;;
SOUTERRAIN;SSCHRL61ZP.TR;LIAISON 225kV N0 1 MONTPELLIER - PONT TRINQUAT - ST CHRISTOL;EN EXPLOITATION;225kV;1;;;;;;;;
SOUTERRAIN;MANDAL61TUNNE;LIAISON 225kV N0 1 MANDARINS-TUNNEL;EN EXPLOITATION;225kV;1;;;;;;;;
SOUTERRAIN;MTGROL62PRATC;LIAISON 225kV N0 2 MONTGROS - PRATCLAUX;EN EXPLOITATION;225kV;1;;;;;;;;
SOUTERRAIN;T.DOML61VANDI;LIAISON 225kV N0 1 TROIS DOMAINES-VANDIERES;EN EXPLOITATION;225kV;1;;;;;;;;
SOUTERRAIN;GRAV5L62WARAN;LIAISON 225kV N0 2 GRAVELINES (CENTRALE) - WARANDE;EN EXPLOITATION;225kV;1;;;;;;;;
SOUTERRAIN;AVOINL61DISTR;LIAISON 225kV N0 1 AVOINE-DISTRE;EN EXPLOITATION;225kV;1;;;;;;;;
SOUTERRAIN;BEVILL61FAMAR;LIAISON 225kV N0 1 BEVILLERS - FAMARS;EN EXPLOITATION;225kV;1;;;;;;;;
SOUTERRAIN;B.MONL61VALE8;LIAISON 225kV N0 1 BEAUMONT-MONTEUX-VALENCE;EN EXPLOITATION;225kV;1;;;;;;;;
SOUTERRAIN;ECHALL62GIVOR;LIAISON 225kV N0 2 ECHALAS-GIVORS;EN EXPLOITATION;225kV;1;;;;;;;;
SOUTERRAIN;P.JERL61VAUPA;LIAISON 225kV N0 1 PORT-JEROME-VAUPALIERE (LA);EN EXPLOITATION;225kV;1;;;;;;;;
SOUTERRAIN;FARRAL61SAINT;LIAISON 225kV N0 1 FARRADIERE (LA) - SAINTES;EN EXPLOITATION;225kV;1;;;;;;;;
SOUTERRAIN;LINGOL61T.LAS;LIAISON 225kV N0 1 LINGOSTIERE-TOUR LASCARIS;EN EXPLOITATION;225kV;1;;;;;;;;
SOUTERRAIN;P.GASL64ZFAN5;LIAISON 225kV N0 4 FALLOU - FANAUDES - PLESSIS-GASSOT;EN EXPLOITATION;225kV;1;;;;;;;;
SOUTERRAIN;SSAVOL71VIGY;LIAISON 400kV N0 1 ST-AVOLD - VIGY;EN EXPLOITATION;400kV;1;;;;;;;;
SOUTERRAIN;LOEWEL61OTTMA;LIAISON 225kV N0 1 LOEWERT - OTTMARSHEIM;EN EXPLOITATION;225kV;1;;;;;;;;
SOUTERRAIN;REVESL62SEINE;LIAISON 225kV N0 2 REVEST - SEINE;EN EXPLOITATION;225kV;1;;;;;;;;
SOUTERRAIN;GAUDIL61MOREA;LIAISON 225kV N0 1 LA GAUDIERE - MOREAU;EN EXPLOITATION;225kV;1;;;;;;;;
SOUTERRAIN;CZCELL61FOCH;LIAISON 225kV N0 1 COURCELLES-FOCH;EN EXPLOITATION;225kV;1;;;;;;;;
SOUTERRAIN;CHAB7L61CZNEU;LIAISON 225kV N0 1 CHABROL - COURNEUVE (LA);EN EXPLOITATION;225kV;1;;;;;;;;
SOUTERRAIN;BZGETL62DRANC;LIAISON 225kV N0 2 BOURGET (LE) - DRANCY;EN EXPLOITATION;225kV;1;;;;;;;;
SOUTERRAIN;HARDTL61SIERE;LIAISON 225kV N0 1 HARDT - SIERENTZ;EN EXPLOITATION;225kV;1;;;;;;;;
SOUTERRAIN;LIESSL61ZLIE5;LIAISON 225kV N0 1 CERGY - LIESSE - PLESSIS-GASSOT;EN EXPLOITATION;225kV;1;;;;;;;;
SOUTERRAIN;MERLAL61RECOU;LIAISON 225kV N0 1 MERLATIERE - RECOUVRANCE;EN EXPLOITATION;225kV;1;;;;;;;;
SOUTERRAIN;ARLODL61GEN.P;LIAISON 225kV N0 1 ARLOD-GENISSIAT-POSTE;EN EXPLOITATION;225kV;1;;;;;;;;
SOUTERRAIN;BAIXAL62M.BRU;LIAISON 225kV N0 2 BAIXAS - MAS BRUNO;EN EXPLOITATION;225kV;1;;;;;;;;
SOUTERRAIN;ARENCL61B.MAI;LIAISON 225kV N0 1 ARENC-BELLE-DE-MAI;EN EXPLOITATION;225kV;1;;;;;;;;
SOUTERRAIN;CPNIEL62EYBEN;LIAISON 225kV N0 2 CHAMPAGNIER - EYBENS;EN EXPLOITATION;225kV;1;;;;;;;;
SOUTERRAIN;B.MONL61ZCBAU;LIAISON 225kV N0 1 BEAUMONT-MONTEUX - CHABRILLAN - CHAMBAUD;EN EXPLOITATION;225kV;1;;;;;;;;
SOUTERRAIN;AYRESL61COUFF;LIAISON 225kV N0 1 AYRES - COUFFRAU;EN EXPLOITATION;225kV;1;;;;;;;;
SOUTERRAIN;BRICHL61ZBRI5;LIAISON 225kV N0 1 PLESSIS-GASSOT - SEINE - BRICHE (LA);EN EXPLOITATION;225kV;1;;;;;;;;
SOUTERRAIN;CRIMEL61TEMP5;LIAISON 225kV N0 1 CRIMEE-TEMPLE;EN EXPLOITATION;225kV;1;;;;;;;;
SOUTERRAIN;P.SIML62VERFE;LIAISON 225kV N0 2 PORTET-ST-SIMON-VERFEIL;EN EXPLOITATION;225kV;1;;;;;;;;
SOUTERRAIN;ANTIBL62MOUGI;LIAISON 225kV N0 2 ANTIBES-MOUGINS;EN EXPLOITATION;225kV;1;;;;;;;;
SOUTERRAIN;NANTEL62PUTEA;LIAISON 225kV N0 2 NANTERRE-PUTEAUX;EN EXPLOITATION;225kV;1;;;;;;;;
SOUTERRAIN;HELLEL62M.LIL;LIAISON 225kV N0 2 HELLEMMES - MOULINS LILLE;EN EXPLOITATION;225kV;1;;;;;;;;
SOUTERRAIN;CORMEL63ZFRO6;LIAISON 225kV N0 3 CERGY - CORMEILLES - FROMAINVILLE;EN EXPLOITATION;225kV;1;;;;;;;;
SOUTERRAIN;NEOULL61VERR5;LIAISON 225kV N0 1 NEOULES-VERRERIE (LA);EN EXPLOITATION;225kV;1;;;;;;;;
SOUTERRAIN;JONQUL61MTAG5;LIAISON 225kV N0 1 JONQUIERES - MONTAGNETTE (LA);EN EXPLOITATION;225kV;1;;;;;;;;
SOUTERRAIN;BELLOL61ZB.FR;LIAISON 225kV N0 1  CARRIERES - PLESSIS-GASSOT - BELLOY-EN-FRANCE;EN EXPLOITATION;225kV;1;;;;;;;;
SOUTERRAIN;ARGIAL62MOUGU;LIAISON 225kV N0 2 ARGIA-MOUGUERRE;EN EXPLOITATION;225kV;1;;;;;;;;
SOUTERRAIN;AVENIL61ROMAI;LIAISON 225kV N0 1 AVENIR-ROMAINVILLE;EN EXPLOITATION;225kV;1;;;;;;;;
SOUTERRAIN;BARJAL61CROI6;LIAISON 225kV N0 1 BARJAC-CROISIERE;EN EXPLOITATION;225kV;1;;;;;;;;
SOUTERRAIN;FALLOL62NOVIO;LIAISON 225kV N0 2 FALLOU-NOVION;EN EXPLOITATION;225kV;1;;;;;;;;
SOUTERRAIN;CRAYWL61G.POR;LIAISON 225kV N0 1 CRAYWICK - GRAND-PORT;EN EXPLOITATION;225kV;1;;;;;;;;
SOUTERRAIN;SEINEL62ZBRIC;LIAISON 225kV N0 2 PLESSIS-GASSOT - SEINE - BRICHE (LA);EN EXPLOITATION;225kV;1;;;;;;;;
SOUTERRAIN;PERREL61TERNE;LIAISON 225kV N0 1 PERRET - TERNES;EN EXPLOITATION;225kV;1;;;;;;;;
SOUTERRAIN;C.BOIL61VLEVA;LIAISON 225kV N0 1 CLICHY-SOUS-BOIS - VILLEVAUDE;EN EXPLOITATION;225kV;1;;;;;;;;
SOUTERRAIN;PLAISL62ZAVR5;LIAISON 225kV N0 2 PLAISANCE - VILLEVAUDE - AVRON;EN EXPLOITATION;225kV;1;;;;;;;;
SOUTERRAIN;FEUILL62RICHI;LIAISON 225kV N0 2 FEUILLANE - RICHIER;EN EXPLOITATION;225kV;1;;;;;;;;
SOUTERRAIN;D.FRAL61LINGO;LIAISON 225kV N0 1 DIGUE-DES-FRANCAIS-LINGOSTIERE;EN EXPLOITATION;225kV;1;;;;;;;;
