time,NATIONAL,FR10,FRB0,FRC1,FRC2,FRD1,FRD2,FRE1,FRE2,FRF1,FRF2,FRF3,FRG0,FRH0,FRI1,FRI2,FRI3,FRJ1,FRJ2,FRK1,FRK2,FRL0,FRM0
2024-01-29 00:00:00+00:00,0.341971,0.39118600000000003,0.371226,0.335149,0.547584,0.289918,0.303317,0.300174,0.358016,0.30419,0.24887600000000001,0.350769,0.275196,0.325575,0.236271,0.676787,0.57896,0.25104299999999996,0.41389899999999996,0.45416000000000006,0.275983,0.237409,0.037837
2024-01-29 01:00:00+00:00,0.32611599999999996,0.336708,0.323703,0.319286,0.555774,0.281344,0.260753,0.299682,0.344074,0.30848000000000003,0.226894,0.321759,0.24688600000000002,0.326343,0.201204,0.651906,0.556588,0.271364,0.436046,0.441014,0.279084,0.24332399999999998,0.035946
2024-01-29 02:00:00+00:00,0.307769,0.285421,0.281819,0.30633299999999997,0.55032,0.275223,0.234359,0.288263,0.31504899999999997,0.31882,0.21215599999999998,0.297219,0.23249,0.318598,0.188845,0.648718,0.533821,0.280472,0.438594,0.42285600000000007,0.260128,0.24422399999999997,0.032874
2024-01-29 03:00:00+00:00,0.282119,0.24018699999999998,0.250118,0.290053,0.52698,0.259088,0.2143,0.24861999999999998,0.26512199999999997,0.321971,0.204346,0.278523,0.2159,0.301531,0.175028,0.627606,0.503234,0.26711,0.42908599999999997,0.396384,0.24316999999999997,0.23263699999999998,0.034795
2024-01-29 04:00:00+00:00,0.265748,0.213923,0.238452,0.26953499999999997,0.46498500000000004,0.24198699999999998,0.20293,0.215935,0.231044,0.308936,0.201821,0.264374,0.205301,0.290358,0.165946,0.611099,0.486567,0.274084,0.44483599999999995,0.367831,0.22721100000000002,0.21825,0.041539
2024-01-29 05:00:00+00:00,0.253932,0.20014,0.22403299999999998,0.24496700000000002,0.427113,0.23290999999999998,0.196769,0.204147,0.215656,0.271654,0.19554100000000002,0.24250300000000002,0.19951300000000002,0.287647,0.16792200000000002,0.6112390000000001,0.48755699999999996,0.255736,0.424479,0.34344600000000003,0.209644,0.207213,0.048943
2024-01-29 06:00:00+00:00,0.24715,0.18732000000000001,0.21742399999999998,0.21879899999999997,0.418142,0.240814,0.19606700000000002,0.20005799999999999,0.20697100000000002,0.224462,0.185445,0.21854400000000002,0.200383,0.293065,0.169987,0.594833,0.49403100000000005,0.24552600000000002,0.418335,0.32604,0.211333,0.199046,0.054810000000000005
2024-01-29 07:00:00+00:00,0.23994400000000002,0.17608900000000002,0.20753000000000002,0.20306400000000002,0.42261899999999997,0.259788,0.20500700000000002,0.200051,0.202284,0.182027,0.174307,0.198458,0.207905,0.30208,0.16056600000000001,0.5809770000000001,0.463005,0.234871,0.408092,0.29583400000000004,0.21421500000000002,0.184727,0.05894
2024-01-29 08:00:00+00:00,0.23235,0.160452,0.173205,0.168787,0.37477699999999997,0.28121,0.21018499999999998,0.192667,0.195267,0.137561,0.164516,0.171718,0.22927600000000004,0.30803800000000003,0.12255899999999999,0.547976,0.495742,0.222733,0.402277,0.26024899999999995,0.199963,0.133933,0.059965
2024-01-29 09:00:00+00:00,0.22077600000000003,0.142204,0.136991,0.156027,0.336901,0.272242,0.205301,0.176216,0.178587,0.096963,0.147101,0.152879,0.219808,0.30853800000000003,0.096999,0.531466,0.4746,0.27156199999999997,0.44345200000000007,0.248619,0.20579699999999998,0.147596,0.050141000000000005
2024-01-29 10:00:00+00:00,0.23653000000000002,0.177386,0.184657,0.134824,0.312717,0.298232,0.22088000000000002,0.182753,0.188193,0.100286,0.14599700000000002,0.154888,0.274671,0.298772,0.10094600000000001,0.53687,0.520798,0.315758,0.45751400000000003,0.23975100000000002,0.271846,0.15573,0.035586
2024-01-29 11:00:00+00:00,0.255929,0.208695,0.223223,0.119663,0.374591,0.325144,0.223584,0.21563600000000002,0.22662800000000002,0.135953,0.146268,0.147168,0.30051700000000003,0.345474,0.099994,0.519492,0.526409,0.32904,0.45673100000000005,0.22630100000000003,0.300478,0.137179,0.023740999999999998
2024-01-29 12:00:00+00:00,0.254681,0.20674800000000002,0.213925,0.109447,0.38119699999999995,0.32343299999999997,0.22046100000000002,0.21392199999999997,0.223176,0.142447,0.142544,0.144484,0.319767,0.389112,0.09345099999999999,0.46303900000000003,0.502425,0.337111,0.449909,0.21482600000000002,0.297613,0.121334,0.012654
2024-01-29 13:00:00+00:00,0.25348000000000004,0.19265,0.189944,0.12198099999999999,0.355213,0.337765,0.231165,0.218573,0.229519,0.141095,0.14994100000000002,0.14824,0.325312,0.407667,0.087527,0.39584899999999995,0.451583,0.349514,0.444935,0.208952,0.286083,0.10886300000000002,0.012408
2024-01-29 14:00:00+00:00,0.254295,0.177124,0.162152,0.151579,0.317723,0.352648,0.24509499999999998,0.232783,0.248521,0.159957,0.17645999999999998,0.165626,0.302272,0.401681,0.081631,0.341475,0.38792,0.34847,0.43473199999999995,0.20043,0.24972600000000003,0.096437,0.017759999999999998
2024-01-29 15:00:00+00:00,0.293189,0.21094899999999997,0.177517,0.22153699999999998,0.321287,0.363818,0.301747,0.32001599999999997,0.325792,0.16183699999999998,0.24469499999999997,0.205098,0.30273,0.386785,0.086965,0.372254,0.40175700000000003,0.327953,0.40671,0.197102,0.21507800000000002,0.081725,0.024501
2024-01-29 16:00:00+00:00,0.360215,0.283213,0.23289400000000002,0.329936,0.338041,0.46236499999999997,0.407617,0.394887,0.415875,0.15537,0.335884,0.270264,0.384589,0.41985,0.11979200000000001,0.4438,0.462643,0.30816,0.393176,0.246412,0.216286,0.07977100000000001,0.022602
2024-01-29 17:00:00+00:00,0.411979,0.351125,0.297457,0.402409,0.373168,0.516029,0.470858,0.44366300000000003,0.466153,0.168799,0.40566199999999997,0.332474,0.44638599999999995,0.430745,0.13533299999999998,0.502289,0.539828,0.299383,0.43287200000000003,0.281486,0.21490599999999999,0.081912,0.017233000000000002
2024-01-29 18:00:00+00:00,0.42623900000000003,0.394365,0.347252,0.419781,0.37236199999999997,0.5214979999999999,0.47603599999999996,0.456215,0.47162,0.192188,0.431462,0.358284,0.450513,0.41522200000000004,0.130004,0.529567,0.57429,0.278878,0.43115699999999996,0.283884,0.227804,0.089814,0.013068999999999999
2024-01-29 19:00:00+00:00,0.42235200000000006,0.403884,0.369816,0.399487,0.399754,0.566348,0.47505600000000003,0.45489700000000005,0.46106099999999994,0.211342,0.42528,0.353588,0.446079,0.39461999999999997,0.128522,0.535856,0.573186,0.257361,0.41593800000000003,0.288654,0.23032600000000003,0.099967,0.010228000000000001
2024-01-29 20:00:00+00:00,0.411124,0.394022,0.376779,0.363618,0.42753800000000003,0.584871,0.493834,0.447169,0.446529,0.21814,0.403873,0.33337,0.430346,0.361599,0.13808299999999998,0.539081,0.577937,0.24524200000000002,0.405915,0.287478,0.21452800000000002,0.11194000000000001,0.008740000000000001
2024-01-29 21:00:00+00:00,0.397476,0.393856,0.37726,0.328096,0.449704,0.5094850000000001,0.528507,0.446614,0.441154,0.23404699999999998,0.377058,0.305131,0.39855,0.349923,0.13363599999999998,0.530274,0.565752,0.22613899999999998,0.380682,0.279087,0.203868,0.120582,0.008826
2024-01-29 22:00:00+00:00,0.380601,0.39316599999999996,0.374203,0.298163,0.460059,0.47400200000000003,0.5137729999999999,0.451711,0.442151,0.25412399999999996,0.351222,0.274928,0.36532800000000004,0.324759,0.13053499999999998,0.537957,0.5018600000000001,0.211903,0.358283,0.264887,0.20940799999999998,0.130972,0.011295
2024-01-29 23:00:00+00:00,0.36395700000000003,0.397726,0.376262,0.273958,0.461063,0.441575,0.45288100000000003,0.47408999999999996,0.42104300000000006,0.267513,0.329331,0.244279,0.331315,0.30617,0.130597,0.557449,0.47573999999999994,0.19601,0.336907,0.26345799999999997,0.204743,0.142681,0.015194999999999998
2024-02-14 00:00:00+00:00,0.43695200000000006,0.47764700000000004,0.471876,0.39867800000000003,0.46923400000000004,0.501976,0.5560649999999999,0.555465,0.531831,0.24773299999999998,0.49711099999999997,0.405686,0.406885,0.472135,0.099474,0.43856000000000006,0.404866,0.094849,0.072326,0.156243,0.104548,0.060769000000000004,0.012988
2024-02-14 01:00:00+00:00,0.42868,0.461355,0.470581,0.373066,0.46790200000000004,0.5163939999999999,0.5519470000000001,0.566059,0.503844,0.326176,0.47956400000000005,0.420254,0.402855,0.48209799999999997,0.14487,0.447849,0.402777,0.0906,0.055175999999999996,0.130972,0.08352799999999999,0.08329500000000001,0.01404
2024-02-14 02:00:00+00:00,0.42293100000000006,0.45787799999999995,0.46274499999999996,0.37952199999999997,0.458096,0.50758,0.5510149999999999,0.530047,0.48448500000000005,0.37435999999999997,0.49048400000000003,0.451096,0.407748,0.47356499999999996,0.17990499999999998,0.42757799999999996,0.39539,0.08080599999999999,0.043876,0.11911500000000001,0.078736,0.083245,0.016303
2024-02-14 03:00:00+00:00,0.403589,0.408961,0.42828900000000003,0.360623,0.44993299999999997,0.5006729999999999,0.562868,0.504367,0.4652,0.374531,0.444383,0.45744399999999996,0.403437,0.449826,0.181617,0.41998800000000003,0.394617,0.073909,0.040164,0.097871,0.074727,0.091888,0.017352
2024-02-14 04:00:00+00:00,0.383544,0.37259200000000003,0.392133,0.33239,0.452974,0.47103100000000003,0.5365449999999999,0.504201,0.44189799999999996,0.376311,0.389573,0.43569300000000005,0.399077,0.445413,0.183105,0.45431499999999997,0.404172,0.066218,0.039788,0.084539,0.074214,0.100268,0.018132
2024-02-14 05:00:00+00:00,0.375311,0.379353,0.381996,0.318749,0.44837,0.485012,0.462226,0.503255,0.43068100000000004,0.387088,0.394239,0.394495,0.392883,0.456178,0.200953,0.46858,0.385264,0.05839400000000001,0.039923,0.083877,0.068772,0.100783,0.018282
2024-02-14 06:00:00+00:00,0.356254,0.381691,0.38551199999999997,0.29291300000000003,0.428559,0.492696,0.498529,0.44343699999999997,0.401177,0.365872,0.360833,0.367091,0.375582,0.475916,0.218297,0.46913599999999994,0.368836,0.048163,0.037028,0.084262,0.06023,0.092489,0.018599
2024-02-14 07:00:00+00:00,0.354889,0.374785,0.35861,0.269858,0.38150700000000004,0.477716,0.499742,0.462451,0.43717399999999995,0.339174,0.357038,0.351331,0.353014,0.487046,0.20185699999999998,0.43922,0.339504,0.037274,0.032945,0.07314,0.050332999999999996,0.07929299999999999,0.015567
2024-02-14 08:00:00+00:00,0.337806,0.318303,0.306809,0.26805300000000004,0.30127600000000004,0.491349,0.46868000000000004,0.47577600000000003,0.441738,0.304424,0.369802,0.331675,0.305417,0.478504,0.11036300000000002,0.308866,0.25509299999999996,0.012995,0.016674,0.0386,0.028480000000000002,0.051734,0.010614
2024-02-14 09:00:00+00:00,0.32371300000000003,0.317139,0.284495,0.25666300000000003,0.231632,0.49679300000000004,0.49961400000000006,0.46966,0.431133,0.26121700000000003,0.354986,0.335478,0.292257,0.482337,0.045497,0.22724299999999997,0.194639,0.004499,0.0035329999999999997,0.029304000000000004,0.024130000000000002,0.028075,0.009048
2024-02-14 10:00:00+00:00,0.33003000000000005,0.399872,0.368649,0.22734000000000001,0.21159499999999998,0.5782510000000001,0.500416,0.47408900000000004,0.42029099999999997,0.243635,0.304653,0.31179,0.347912,0.541396,0.065134,0.262554,0.23768000000000003,0.006261999999999999,0.004028,0.030763,0.019977,0.023802,0.0061979999999999995
2024-02-14 11:00:00+00:00,0.37445100000000003,0.467916,0.434621,0.261731,0.199827,0.616867,0.5350020000000001,0.5486260000000001,0.494342,0.24153200000000002,0.34207,0.262733,0.397104,0.595878,0.07333200000000001,0.268547,0.314243,0.012799,0.006651000000000001,0.044006,0.018706,0.020717,0.0038299999999999996
2024-02-14 12:00:00+00:00,0.394874,0.469289,0.405765,0.314842,0.18550999999999998,0.602258,0.5716220000000001,0.59802,0.5172100000000001,0.21497800000000003,0.402624,0.252355,0.42885200000000007,0.592911,0.067423,0.222345,0.324251,0.019754,0.005261,0.045408,0.020205,0.018086,0.006378
2024-02-14 13:00:00+00:00,0.37901,0.41061899999999996,0.323971,0.285104,0.193478,0.588512,0.591101,0.5723189999999999,0.498392,0.184112,0.365001,0.260548,0.45577,0.599014,0.066015,0.19578299999999998,0.342559,0.028426,0.006307,0.030728,0.016426,0.016424,0.010995
2024-02-14 14:00:00+00:00,0.33321799999999996,0.322602,0.24804,0.208637,0.172714,0.602955,0.548408,0.509208,0.44694399999999995,0.149847,0.299977,0.215881,0.430066,0.538204,0.05776,0.186532,0.310535,0.04858,0.015018,0.02014,0.007744,0.013825,0.009999
2024-02-14 15:00:00+00:00,0.3036,0.27444,0.23172199999999998,0.178836,0.151051,0.518107,0.49921499999999996,0.48029700000000003,0.41630200000000006,0.159333,0.28578400000000004,0.215889,0.363629,0.428367,0.038576,0.159173,0.258397,0.073514,0.033712,0.02059,0.005101,0.009079,0.009612
2024-02-14 16:00:00+00:00,0.335717,0.32954,0.27825500000000003,0.225228,0.168776,0.42699499999999996,0.45525,0.511454,0.43577899999999997,0.222834,0.373874,0.293903,0.340598,0.377456,0.063555,0.209486,0.328324,0.100226,0.072818,0.030402,0.010342,0.012771,0.013411000000000001
2024-02-14 17:00:00+00:00,0.374202,0.386517,0.332208,0.236213,0.162097,0.399244,0.43948999999999994,0.507305,0.476124,0.24472,0.433559,0.34320900000000004,0.347894,0.399039,0.131902,0.318062,0.440888,0.128004,0.129897,0.052440999999999995,0.021974,0.022862999999999998,0.013168000000000001
2024-02-14 18:00:00+00:00,0.377952,0.390427,0.37971900000000003,0.226554,0.157573,0.43692700000000007,0.396829,0.485022,0.47443,0.244029,0.41475200000000007,0.353123,0.335005,0.387357,0.164629,0.415517,0.499303,0.125699,0.17515899999999998,0.094273,0.031645,0.035424000000000004,0.012184
2024-02-14 19:00:00+00:00,0.36950900000000003,0.405497,0.41443100000000005,0.22995900000000002,0.13542,0.42118900000000004,0.40044,0.454383,0.451744,0.23817199999999997,0.380249,0.324815,0.31955700000000004,0.39373600000000003,0.17360599999999998,0.482824,0.517027,0.118318,0.209244,0.15795399999999998,0.041735,0.040016,0.010402
2024-02-14 20:00:00+00:00,0.366226,0.40351,0.41534799999999994,0.25234,0.115932,0.39779000000000003,0.42378000000000005,0.425544,0.430145,0.23069099999999998,0.36514,0.305251,0.330781,0.43533999999999995,0.165717,0.527752,0.520562,0.11778,0.233569,0.225838,0.055420000000000004,0.048228,0.009607
2024-02-14 21:00:00+00:00,0.361808,0.38249299999999997,0.392849,0.28062600000000004,0.11498499999999999,0.390766,0.47440200000000005,0.407515,0.41211400000000004,0.223214,0.359379,0.292391,0.35941999999999996,0.424092,0.164351,0.5450649999999999,0.503675,0.11929000000000001,0.250817,0.270907,0.074266,0.065277,0.010490000000000001
2024-02-14 22:00:00+00:00,0.364041,0.377346,0.374796,0.305379,0.13083699999999998,0.413391,0.473379,0.418892,0.424331,0.216286,0.367294,0.277011,0.369783,0.387472,0.163126,0.546788,0.49058199999999996,0.127932,0.260546,0.27269,0.090408,0.074768,0.011999
2024-02-14 23:00:00+00:00,0.37721,0.361255,0.359247,0.333144,0.144752,0.453797,0.48367299999999996,0.440935,0.448622,0.19908800000000001,0.38705700000000004,0.261764,0.391737,0.39866999999999997,0.170819,0.545867,0.49475,0.143056,0.274994,0.26063200000000003,0.096638,0.08214099999999999,0.015336
2024-03-14 00:00:00+00:00,0.258621,0.25719899999999996,0.317744,0.254782,0.137408,0.311469,0.299061,0.310315,0.27581500000000003,0.031522,0.215797,0.067659,0.26616100000000004,0.293321,0.255129,0.535543,0.42281499999999994,0.118934,0.283928,0.274037,0.034179,0.055424,0.010042
2024-03-14 01:00:00+00:00,0.257758,0.24253899999999998,0.306661,0.252249,0.126088,0.31298000000000004,0.300562,0.303566,0.270426,0.033438,0.22873200000000002,0.083855,0.2337,0.301342,0.281505,0.537455,0.406036,0.130877,0.302563,0.269886,0.047119,0.06758600000000001,0.012309
2024-03-14 02:00:00+00:00,0.251181,0.22663899999999998,0.289796,0.24973499999999998,0.127856,0.303089,0.295579,0.299132,0.258937,0.033014999999999996,0.228316,0.095278,0.20754899999999998,0.308393,0.316441,0.536423,0.380184,0.134394,0.302514,0.254402,0.053684,0.071409,0.014199000000000002
2024-03-14 03:00:00+00:00,0.24463600000000002,0.22946,0.27518200000000004,0.260377,0.14544,0.293643,0.299381,0.29936999999999997,0.246723,0.030639999999999997,0.225334,0.10239,0.181586,0.312654,0.342975,0.542561,0.36198800000000003,0.124727,0.283605,0.246383,0.052588,0.070056,0.015274000000000001
2024-03-14 04:00:00+00:00,0.23946399999999998,0.242979,0.257822,0.287074,0.178955,0.284038,0.29923299999999997,0.292294,0.229116,0.028443,0.22803600000000002,0.112231,0.163617,0.314265,0.357286,0.563268,0.34786300000000003,0.11902599999999999,0.276891,0.24181799999999998,0.051422,0.069773,0.016057
2024-03-14 05:00:00+00:00,0.235,0.23324099999999998,0.216991,0.324415,0.22412800000000002,0.27577199999999996,0.28518699999999997,0.276671,0.214073,0.032945,0.238943,0.130164,0.156324,0.316218,0.352248,0.5749449999999999,0.335445,0.112545,0.273094,0.247838,0.055351,0.07119299999999999,0.016841
2024-03-14 06:00:00+00:00,0.22920300000000002,0.19577,0.181799,0.31356799999999996,0.247049,0.269708,0.282401,0.272495,0.21654299999999999,0.04052,0.23247199999999998,0.140265,0.153202,0.319025,0.324088,0.56834,0.323908,0.100876,0.25154099999999996,0.23205100000000004,0.06401699999999999,0.074726,0.016816
2024-03-14 07:00:00+00:00,0.191975,0.152294,0.13989200000000002,0.209587,0.146503,0.264527,0.272687,0.280064,0.213577,0.025657999999999997,0.149481,0.093055,0.123205,0.318598,0.25259499999999996,0.46975,0.23972399999999996,0.087725,0.203775,0.17763299999999999,0.07618,0.068289,0.014944999999999998
2024-03-14 08:00:00+00:00,0.18465399999999998,0.142705,0.12311199999999999,0.208323,0.11438,0.239902,0.273609,0.268864,0.22341100000000003,0.025957,0.12632000000000002,0.079,0.10019600000000001,0.320158,0.180547,0.40208,0.209348,0.109319,0.23726599999999998,0.15927,0.13821,0.068708,0.014549000000000001
2024-03-14 09:00:00+00:00,0.212112,0.131383,0.153833,0.20730300000000002,0.15426700000000002,0.27722600000000003,0.25859699999999997,0.283136,0.234485,0.03621,0.190168,0.12073199999999999,0.098621,0.366196,0.201971,0.5257569999999999,0.25000700000000003,0.11026,0.224214,0.206301,0.17937,0.063048,0.014602
2024-03-14 10:00:00+00:00,0.232998,0.132359,0.17088499999999998,0.17756,0.177893,0.29338400000000003,0.252054,0.320447,0.27318000000000003,0.041123,0.202155,0.135113,0.127558,0.503566,0.24290100000000003,0.48808199999999996,0.221512,0.10387,0.186815,0.22121999999999997,0.195206,0.052832000000000004,0.015269999999999999
2024-03-14 11:00:00+00:00,0.25148899999999996,0.159722,0.19049100000000002,0.156202,0.189165,0.339638,0.272323,0.34470500000000004,0.295531,0.044383,0.20514200000000002,0.147742,0.19584300000000002,0.625764,0.225096,0.44179799999999997,0.201216,0.09754299999999999,0.15323,0.222606,0.201374,0.046671,0.015637
2024-03-14 12:00:00+00:00,0.269828,0.193426,0.22033899999999998,0.16147899999999998,0.197987,0.448683,0.290126,0.353691,0.30999299999999996,0.048898000000000004,0.21080300000000002,0.161686,0.283244,0.694354,0.196635,0.42331199999999997,0.195381,0.091494,0.127414,0.227294,0.204243,0.044263,0.017403000000000002
2024-03-14 13:00:00+00:00,0.2826,0.219304,0.24991799999999997,0.181763,0.221556,0.546482,0.29934099999999997,0.34245,0.309961,0.055975,0.21962199999999998,0.176825,0.362933,0.722063,0.15826199999999999,0.415391,0.19805699999999998,0.088056,0.11006700000000001,0.233605,0.200676,0.044346,0.020888999999999998
2024-03-14 14:00:00+00:00,0.27917800000000004,0.22933299999999998,0.267795,0.19531500000000002,0.254247,0.6161310000000001,0.336812,0.278967,0.27169499999999996,0.066215,0.219752,0.188613,0.428407,0.724116,0.111303,0.388561,0.206542,0.08719299999999999,0.09807300000000001,0.233526,0.18316300000000002,0.045525,0.022563
2024-03-14 15:00:00+00:00,0.27181900000000003,0.23391199999999998,0.265729,0.179177,0.221813,0.650993,0.38016,0.251287,0.250947,0.071215,0.20039500000000002,0.180078,0.48245200000000005,0.709526,0.069075,0.33061199999999996,0.2226,0.09185900000000001,0.09186,0.20271199999999998,0.154526,0.0489,0.021949
2024-03-14 16:00:00+00:00,0.301807,0.26361599999999996,0.264464,0.20622100000000002,0.23205900000000002,0.640515,0.435467,0.332039,0.335458,0.080926,0.24747,0.205025,0.478024,0.648147,0.041132,0.285076,0.22763899999999998,0.091275,0.09069400000000001,0.187669,0.156894,0.058512,0.022682
2024-03-14 17:00:00+00:00,0.366645,0.33604,0.344385,0.25158,0.2734,0.631688,0.527692,0.493992,0.47393599999999997,0.10974,0.319196,0.252423,0.46682700000000005,0.555709,0.027149,0.339808,0.280937,0.086529,0.10641500000000001,0.21100000000000002,0.190476,0.07066599999999999,0.021988999999999998
2024-03-14 18:00:00+00:00,0.417554,0.41432700000000006,0.446746,0.288745,0.358531,0.6316510000000001,0.582684,0.603866,0.551679,0.140009,0.360267,0.27848,0.48648100000000005,0.544626,0.015105,0.41472600000000004,0.34413,0.078185,0.114541,0.22212600000000002,0.201151,0.063295,0.01917
2024-03-14 19:00:00+00:00,0.42678999999999995,0.459537,0.506135,0.320297,0.445101,0.609172,0.568511,0.578468,0.544999,0.163631,0.381535,0.2954,0.490037,0.552139,0.01252,0.43201300000000004,0.371673,0.062099,0.101744,0.2282,0.18490399999999999,0.048534,0.018704
2024-03-14 20:00:00+00:00,0.428412,0.47110799999999997,0.51541,0.339875,0.49794499999999997,0.601291,0.564525,0.569769,0.5442060000000001,0.198709,0.386432,0.312417,0.49565200000000004,0.523918,0.024596,0.42560200000000004,0.393784,0.047994999999999996,0.09034,0.223104,0.16702999999999998,0.035545,0.020364
2024-03-14 21:00:00+00:00,0.43107399999999996,0.468732,0.497204,0.382498,0.527682,0.599986,0.5288229999999999,0.550487,0.516983,0.24961599999999998,0.412459,0.349134,0.547899,0.512682,0.042304,0.43254899999999996,0.421534,0.040083999999999995,0.08279600000000001,0.215123,0.15217999999999998,0.027224,0.024468
2024-03-14 22:00:00+00:00,0.44241400000000003,0.454421,0.47316199999999997,0.427555,0.518351,0.617807,0.573348,0.53585,0.514573,0.274915,0.451963,0.37787,0.5603520000000001,0.525077,0.061194000000000005,0.44241400000000003,0.465841,0.033259,0.073862,0.201675,0.136771,0.021043,0.029606999999999998
2024-03-14 23:00:00+00:00,0.44609399999999994,0.43660200000000005,0.45933599999999997,0.44812700000000005,0.485134,0.592233,0.5755,0.531273,0.496608,0.298929,0.47515,0.394435,0.563132,0.551926,0.076989,0.45943100000000003,0.509463,0.026133,0.062718,0.185896,0.119997,0.018596,0.034542
2024-04-17 00:00:00+00:00,0.262869,0.17285599999999998,0.198881,0.238614,0.268956,0.22575900000000002,0.26807800000000004,0.24119200000000002,0.214054,0.260914,0.233197,0.29886999999999997,0.276878,0.35175500000000004,0.159089,0.264544,0.283857,0.471908,0.383268,0.23362600000000003,0.213613,0.489623,0.139958
2024-04-17 01:00:00+00:00,0.23591199999999998,0.11994,0.13192,0.192773,0.274384,0.19048299999999999,0.23968699999999998,0.23042600000000002,0.195159,0.25090999999999997,0.201401,0.26348499999999997,0.25037600000000004,0.336326,0.14409,0.233321,0.240794,0.472421,0.351695,0.20606999999999998,0.243667,0.506722,0.093637
2024-04-17 02:00:00+00:00,0.214542,0.08907899999999999,0.10435,0.154369,0.252216,0.16691,0.230501,0.242979,0.191128,0.238213,0.16458599999999998,0.22079899999999997,0.232062,0.32574899999999996,0.12461099999999999,0.180817,0.197621,0.44648000000000004,0.314494,0.175027,0.227622,0.52108,0.073771
2024-04-17 03:00:00+00:00,0.19501300000000002,0.07714299999999999,0.084328,0.13230699999999998,0.22550900000000001,0.138787,0.199766,0.243686,0.182272,0.217018,0.14594400000000002,0.183934,0.196925,0.314625,0.113732,0.13568,0.16109,0.413166,0.294495,0.143035,0.224187,0.519904,0.065887
2024-04-17 04:00:00+00:00,0.17516600000000002,0.070424,0.069647,0.13386099999999998,0.206844,0.121234,0.171954,0.23841700000000002,0.16967000000000002,0.19251,0.131204,0.160235,0.157355,0.286612,0.099997,0.112481,0.119505,0.374015,0.275148,0.122991,0.191104,0.517947,0.054262
2024-04-17 05:00:00+00:00,0.167074,0.07334500000000001,0.064351,0.121973,0.196141,0.141481,0.175702,0.23739000000000002,0.170348,0.17588900000000002,0.12719,0.146799,0.13352,0.27113000000000004,0.086964,0.098565,0.095467,0.34600000000000003,0.256542,0.128801,0.18791,0.515756,0.043084
2024-04-17 06:00:00+00:00,0.162214,0.090212,0.075547,0.127701,0.19305,0.159706,0.180836,0.198758,0.157924,0.17970999999999998,0.12966,0.141021,0.125877,0.221466,0.052041,0.095324,0.091419,0.37140500000000004,0.27665500000000004,0.152553,0.216198,0.564238,0.034392
2024-04-17 07:00:00+00:00,0.200483,0.129693,0.10497999999999999,0.159445,0.19266,0.224004,0.244993,0.274068,0.234291,0.174155,0.138715,0.139768,0.153665,0.22714,0.064867,0.103281,0.090266,0.45383,0.323167,0.186547,0.291944,0.639208,0.02684
2024-04-17 08:00:00+00:00,0.23761500000000002,0.160436,0.134919,0.205862,0.204325,0.297181,0.315011,0.310309,0.273846,0.17516099999999998,0.167497,0.156814,0.215507,0.28879699999999997,0.093206,0.121183,0.100479,0.496354,0.367802,0.230133,0.330975,0.651209,0.029142
2024-04-17 09:00:00+00:00,0.257108,0.18027200000000002,0.172567,0.23135999999999998,0.212635,0.335339,0.332517,0.29745,0.27798,0.175438,0.192583,0.183162,0.23449,0.311764,0.099719,0.159505,0.149149,0.50774,0.396144,0.26653499999999997,0.35936999999999997,0.643462,0.037433999999999995
2024-04-17 10:00:00+00:00,0.27531700000000003,0.204857,0.215295,0.24628699999999998,0.20771399999999998,0.389771,0.329344,0.289919,0.28036700000000003,0.17038699999999998,0.19909300000000002,0.20756,0.25254499999999996,0.365558,0.098575,0.232498,0.202834,0.523725,0.422854,0.291798,0.37341599999999997,0.638568,0.048326999999999995
2024-04-17 11:00:00+00:00,0.296626,0.235742,0.266271,0.259625,0.217489,0.45243500000000003,0.341451,0.30039099999999996,0.294365,0.170121,0.190519,0.231879,0.303203,0.435044,0.099777,0.278548,0.23348200000000002,0.538062,0.444558,0.309738,0.37611999999999995,0.638941,0.050469
2024-04-17 12:00:00+00:00,0.317748,0.26926,0.308033,0.258351,0.237161,0.497503,0.349321,0.30231399999999997,0.309557,0.169432,0.183473,0.242896,0.380384,0.49590100000000004,0.11714400000000001,0.310863,0.28063299999999997,0.55107,0.471211,0.34212,0.371925,0.645667,0.046733
2024-04-17 13:00:00+00:00,0.328917,0.28932800000000003,0.332631,0.24706399999999998,0.24784299999999998,0.5093,0.337135,0.277033,0.304331,0.16080999999999998,0.178421,0.23105900000000001,0.46643999999999997,0.527809,0.149632,0.345815,0.33995,0.567337,0.5053300000000001,0.3721,0.37487,0.653215,0.045076
2024-04-17 14:00:00+00:00,0.330986,0.273584,0.327932,0.228922,0.247763,0.503628,0.321206,0.24990500000000002,0.288308,0.15171199999999999,0.172702,0.20025199999999999,0.532874,0.552613,0.19709100000000002,0.368713,0.39506399999999997,0.584427,0.535234,0.386261,0.37291399999999997,0.654475,0.049934
2024-04-17 15:00:00+00:00,0.325379,0.248621,0.30545900000000004,0.200546,0.22923600000000002,0.48699899999999996,0.29891999999999996,0.22420199999999998,0.27158699999999997,0.136195,0.165622,0.170979,0.569671,0.577609,0.24526599999999998,0.360137,0.42966499999999996,0.593421,0.5487569999999999,0.37114899999999995,0.363043,0.647171,0.06043300000000001
2024-04-17 16:00:00+00:00,0.29891100000000004,0.214162,0.256546,0.154613,0.18396300000000002,0.452628,0.271129,0.194191,0.24136999999999997,0.09793099999999999,0.138558,0.13733399999999998,0.557886,0.580468,0.27012800000000003,0.306487,0.430457,0.5765319999999999,0.528443,0.319841,0.317116,0.630286,0.076394
2024-04-17 17:00:00+00:00,0.250408,0.178534,0.21963400000000002,0.10336300000000001,0.126728,0.389911,0.218261,0.141239,0.18196500000000002,0.091056,0.115311,0.110174,0.49753800000000004,0.547611,0.24482800000000002,0.237333,0.40208299999999997,0.49978,0.422712,0.202308,0.209748,0.586345,0.082504
2024-04-17 18:00:00+00:00,0.22421300000000002,0.163606,0.22327600000000003,0.09064,0.109553,0.304583,0.21138600000000002,0.11550899999999999,0.156644,0.11767000000000001,0.130002,0.108727,0.42574399999999996,0.45083,0.20908600000000002,0.261062,0.405888,0.405219,0.332622,0.120073,0.14946099999999998,0.525475,0.082348
2024-04-17 19:00:00+00:00,0.21055,0.179153,0.247869,0.09295199999999999,0.090888,0.30098600000000003,0.22873400000000002,0.088744,0.126323,0.129807,0.150223,0.115606,0.371369,0.373636,0.19633599999999998,0.300558,0.41760200000000003,0.34000199999999997,0.311944,0.099614,0.110385,0.46945200000000004,0.08379299999999999
2024-04-17 20:00:00+00:00,0.195364,0.192326,0.268419,0.105353,0.076183,0.31601599999999996,0.22910999999999998,0.067251,0.088024,0.12282699999999999,0.154564,0.11697300000000001,0.327815,0.328814,0.17732699999999998,0.339935,0.41848,0.28868299999999997,0.275071,0.092455,0.087934,0.43052700000000005,0.080458
2024-04-17 21:00:00+00:00,0.184471,0.18501199999999998,0.274024,0.124271,0.077718,0.327085,0.247428,0.06480599999999999,0.064762,0.10722999999999999,0.13889400000000002,0.118969,0.29848800000000003,0.30078299999999997,0.168004,0.375406,0.406328,0.268982,0.257657,0.10282000000000001,0.077572,0.414558,0.073388
2024-04-17 22:00:00+00:00,0.176097,0.173743,0.265189,0.138969,0.080751,0.329313,0.287485,0.075864,0.06085499999999999,0.083386,0.11164600000000001,0.115928,0.287455,0.308057,0.167825,0.30835,0.343803,0.278173,0.251828,0.14602300000000001,0.06372,0.420343,0.064294
2024-04-17 23:00:00+00:00,0.170237,0.159876,0.2464,0.149793,0.07294099999999999,0.34477399999999997,0.3264,0.08744199999999999,0.06905800000000001,0.061926999999999996,0.081463,0.110527,0.285326,0.294739,0.160945,0.242148,0.295985,0.290459,0.28770500000000004,0.187388,0.053730999999999994,0.427105,0.055514999999999995
2024-05-13 00:00:00+00:00,0.167985,0.218146,0.24042,0.20306400000000002,0.18723199999999998,0.111148,0.12468599999999999,0.173521,0.18997999999999998,0.09072999999999999,0.200708,0.146769,0.17132999999999998,0.266973,0.005346,0.137781,0.138925,0.006928,0.007981,0.036258,0.020943,0.035410000000000004,0.0225
2024-05-13 01:00:00+00:00,0.162731,0.211774,0.22619699999999998,0.21536599999999997,0.19231099999999998,0.126611,0.11180599999999999,0.153999,0.162221,0.086359,0.180256,0.149114,0.203049,0.315544,0.002292,0.131057,0.152111,0.0058200000000000005,0.006652,0.037989,0.016453,0.033889999999999997,0.021797999999999998
2024-05-13 02:00:00+00:00,0.16075,0.208425,0.21251399999999998,0.205306,0.19858900000000002,0.14634,0.10003,0.138599,0.139854,0.104429,0.171796,0.135338,0.23882399999999998,0.370033,0.004111999999999999,0.138441,0.17444500000000002,0.003966,0.0039049999999999996,0.040552,0.012556,0.029891,0.020314
2024-05-13 03:00:00+00:00,0.15821300000000002,0.19960999999999998,0.19492400000000001,0.168015,0.18854300000000002,0.16706700000000002,0.08702599999999999,0.124267,0.128032,0.11104000000000001,0.170451,0.126198,0.27662600000000004,0.40229299999999996,0.007679000000000001,0.139602,0.179349,0.0023769999999999998,0.0028899999999999998,0.045152,0.012171,0.022729,0.017981999999999998
2024-05-13 04:00:00+00:00,0.164029,0.20719899999999997,0.184453,0.12896400000000002,0.150549,0.19683,0.080928,0.132138,0.145096,0.105468,0.178296,0.116224,0.304695,0.420692,0.023065000000000002,0.12465999999999999,0.185608,0.00713,0.008576,0.053038,0.017449,0.015267,0.015212
2024-05-13 05:00:00+00:00,0.142572,0.15948299999999999,0.131348,0.070904,0.08211,0.208054,0.077664,0.124676,0.13356099999999999,0.068259,0.137435,0.08382,0.27308899999999997,0.428411,0.040191000000000004,0.08919099999999999,0.166851,0.013844,0.021387,0.04852,0.021321,0.008931999999999999,0.011081
2024-05-13 06:00:00+00:00,0.132552,0.146277,0.12089200000000001,0.045114,0.041997,0.253279,0.08066799999999999,0.111076,0.128064,0.05681900000000001,0.111641,0.061665,0.257348,0.44238999999999995,0.030170999999999996,0.08017300000000001,0.14990799999999999,0.020169,0.034031,0.050304,0.023271,0.003653,0.008149
2024-05-13 07:00:00+00:00,0.171761,0.160357,0.13788499999999998,0.053341999999999994,0.024501,0.366532,0.107708,0.16178299999999998,0.177209,0.042970999999999995,0.12628499999999998,0.048820999999999996,0.351561,0.59128,0.037554000000000004,0.134581,0.173002,0.040319,0.06539099999999999,0.075218,0.047436,0.009329,0.0050479999999999995
2024-05-13 08:00:00+00:00,0.20504299999999998,0.175099,0.161274,0.087681,0.022016,0.44247299999999995,0.149491,0.203611,0.21562699999999999,0.024058,0.145034,0.043368000000000004,0.39171100000000003,0.695646,0.047568,0.173057,0.193958,0.067858,0.098473,0.094765,0.079915,0.028758999999999996,0.00442
2024-05-13 09:00:00+00:00,0.227284,0.20256300000000002,0.182107,0.130592,0.029937000000000002,0.492839,0.197285,0.220327,0.23406999999999997,0.011409,0.16399999999999998,0.048409,0.4086,0.7388819999999999,0.052967999999999994,0.181829,0.21008200000000002,0.098159,0.126433,0.11164,0.112641,0.051488,0.007762000000000001
2024-05-13 10:00:00+00:00,0.242321,0.22136599999999998,0.189831,0.167727,0.03787,0.515407,0.240954,0.225356,0.25263,0.01024,0.17788299999999999,0.058974,0.40579299999999996,0.75079,0.056362,0.176732,0.21409499999999998,0.133074,0.155095,0.132714,0.147042,0.077484,0.011184
2024-05-13 11:00:00+00:00,0.25584,0.227602,0.186954,0.191945,0.046601,0.513621,0.272595,0.247272,0.28043,0.016634,0.18932100000000002,0.074639,0.392335,0.739263,0.061954999999999996,0.170691,0.211842,0.170958,0.185526,0.150003,0.181989,0.10638399999999999,0.01293
2024-05-13 12:00:00+00:00,0.264463,0.223003,0.177637,0.198998,0.052516999999999994,0.49141899999999994,0.28893800000000003,0.269828,0.30139,0.02698,0.198651,0.09092,0.376867,0.713395,0.069039,0.169936,0.20742,0.20822100000000002,0.21709099999999998,0.160641,0.21036999999999997,0.13326400000000002,0.015813999999999998
2024-05-13 13:00:00+00:00,0.268045,0.21251199999999998,0.16631700000000002,0.200034,0.056380999999999994,0.46278,0.292476,0.288883,0.312687,0.032543,0.206078,0.10354300000000001,0.353734,0.674446,0.071813,0.174745,0.20574499999999998,0.239283,0.24617600000000003,0.16983499999999999,0.23496399999999998,0.15875899999999998,0.019234
2024-05-13 14:00:00+00:00,0.269079,0.20221,0.15658,0.195545,0.064606,0.438754,0.293637,0.307788,0.32349,0.034365,0.213044,0.11010299999999999,0.314198,0.625462,0.07103,0.190452,0.205672,0.26247,0.27034400000000003,0.182687,0.250945,0.182621,0.022951
2024-05-13 15:00:00+00:00,0.260802,0.189384,0.149125,0.186907,0.07412,0.41692799999999997,0.292794,0.31385799999999997,0.320399,0.035156,0.21077600000000002,0.11068599999999999,0.260391,0.5552279999999999,0.062416,0.213628,0.20108099999999998,0.272319,0.288057,0.18223499999999998,0.250981,0.19784000000000002,0.024299
2024-05-13 16:00:00+00:00,0.232665,0.16836600000000002,0.14004,0.170942,0.08607100000000001,0.367527,0.274777,0.282031,0.28620100000000004,0.039275,0.185981,0.102479,0.20850700000000003,0.46671599999999996,0.046556,0.196356,0.159755,0.261069,0.30811,0.185514,0.23882199999999998,0.19359,0.024057
2024-05-13 17:00:00+00:00,0.199749,0.12865,0.114396,0.153496,0.089524,0.326021,0.23941199999999999,0.221966,0.224504,0.045393,0.158144,0.092375,0.19660999999999998,0.40781100000000003,0.039319,0.192185,0.141431,0.23666399999999999,0.326333,0.199891,0.225494,0.157692,0.026124
2024-05-13 18:00:00+00:00,0.21363000000000001,0.130564,0.09819,0.20907699999999999,0.096742,0.31002399999999997,0.238011,0.24686100000000002,0.24532600000000002,0.057307000000000004,0.1955,0.087278,0.199051,0.355299,0.06251799999999999,0.22965,0.19298900000000002,0.222307,0.34471599999999997,0.24087600000000003,0.238551,0.118441,0.030327999999999997
2024-05-13 19:00:00+00:00,0.257625,0.17159000000000002,0.107204,0.339346,0.135941,0.287736,0.25129,0.32097800000000004,0.319979,0.099768,0.294838,0.11627799999999999,0.18948099999999998,0.336944,0.092226,0.271966,0.2045,0.204918,0.347854,0.284026,0.234699,0.11707000000000001,0.031672000000000006
2024-05-13 20:00:00+00:00,0.294561,0.21831799999999998,0.127322,0.443617,0.19551500000000002,0.26756199999999997,0.23974299999999998,0.365767,0.36528,0.15573399999999998,0.390532,0.17594400000000002,0.20002799999999998,0.340658,0.091363,0.311463,0.182421,0.195279,0.346071,0.327669,0.216854,0.135937,0.033168
2024-05-13 21:00:00+00:00,0.319726,0.273244,0.17067100000000002,0.48095200000000005,0.24106999999999998,0.238857,0.203079,0.36959200000000003,0.374413,0.193046,0.44894799999999996,0.250103,0.243511,0.375891,0.10654300000000001,0.319836,0.189844,0.188407,0.339273,0.351851,0.200549,0.151813,0.036206999999999996
2024-05-13 22:00:00+00:00,0.33698,0.285761,0.21214,0.48823599999999995,0.25729,0.28683400000000003,0.172496,0.366411,0.38307199999999997,0.204283,0.46875600000000006,0.324382,0.261494,0.416609,0.16913599999999998,0.311388,0.20005,0.184757,0.341184,0.396536,0.19683299999999998,0.154186,0.043206
2024-05-13 23:00:00+00:00,0.344225,0.234134,0.234475,0.483604,0.25395100000000004,0.305694,0.150592,0.375264,0.395303,0.197897,0.466546,0.381303,0.255882,0.44466300000000003,0.221592,0.27374699999999996,0.176769,0.183847,0.35489899999999996,0.46203,0.196076,0.145032,0.051200999999999997
2024-06-11 00:00:00+00:00,0.14866400000000002,0.116329,0.155055,0.169573,0.129023,0.046439999999999995,0.006422,0.092697,0.096762,0.124081,0.181118,0.149296,0.204345,0.24492399999999998,0.089122,0.11845499999999999,0.151147,0.227627,0.156346,0.081108,0.148544,0.43298400000000004,0.27419099999999996
2024-06-11 01:00:00+00:00,0.12470999999999999,0.078998,0.118048,0.145367,0.107901,0.055533000000000006,0.002092,0.067714,0.06453300000000001,0.105656,0.144447,0.12268599999999999,0.164222,0.252772,0.086129,0.116053,0.143223,0.20926599999999998,0.148312,0.07614800000000001,0.140494,0.42940600000000007,0.245281
2024-06-11 02:00:00+00:00,0.10469200000000001,0.047297000000000006,0.08783200000000001,0.12328199999999999,0.10862000000000001,0.07158400000000001,0.0059960000000000005,0.044344999999999996,0.037292,0.078434,0.108107,0.090545,0.134849,0.26319899999999996,0.083972,0.11519000000000001,0.134414,0.20515,0.142729,0.07666,0.141625,0.41466800000000004,0.268829
2024-06-11 03:00:00+00:00,0.092391,0.029716000000000003,0.072327,0.11651900000000001,0.11181400000000001,0.086048,0.017355000000000002,0.030345999999999998,0.020311000000000003,0.054863999999999996,0.081416,0.059775999999999996,0.11833099999999999,0.27127399999999996,0.079862,0.12197899999999999,0.138282,0.20015,0.136844,0.068786,0.141024,0.377769,0.29582600000000003
2024-06-11 04:00:00+00:00,0.082924,0.020076,0.060309,0.10355,0.10683,0.10344,0.033034,0.029849,0.013829,0.040205,0.05430599999999999,0.033007999999999996,0.10519200000000001,0.26900300000000005,0.07120800000000001,0.12858699999999998,0.14373,0.19220399999999999,0.139469,0.055994,0.12971,0.336998,0.299185
2024-06-11 05:00:00+00:00,0.068162,0.006856999999999999,0.031823000000000004,0.072975,0.100661,0.10822999999999999,0.040094,0.035904000000000005,0.014282,0.026983,0.027638999999999997,0.017166,0.067728,0.205596,0.041981,0.10454200000000001,0.11349000000000001,0.21552800000000003,0.163714,0.04815,0.140922,0.325506,0.335409
2024-06-11 06:00:00+00:00,0.069599,0.003512,0.023622999999999998,0.079603,0.11192200000000001,0.09854600000000001,0.03316,0.039758,0.015816999999999998,0.023443000000000002,0.027169,0.026664,0.044992000000000004,0.165082,0.028372,0.09763,0.095456,0.294225,0.20960900000000002,0.047131,0.1824,0.386166,0.404346
2024-06-11 07:00:00+00:00,0.075157,0.001966,0.020227000000000002,0.077666,0.111225,0.10662,0.043579,0.059803999999999996,0.026462,0.017946,0.02229,0.021634,0.049908999999999995,0.166654,0.029514999999999996,0.098038,0.10481300000000002,0.316664,0.21923800000000002,0.052154,0.198958,0.399933,0.43263999999999997
2024-06-11 08:00:00+00:00,0.078315,0.0030239999999999998,0.017675,0.08000499999999999,0.10743599999999999,0.11217,0.062941,0.080818,0.043287,0.016822,0.022172,0.020722,0.048487999999999996,0.155481,0.034303,0.086704,0.095762,0.307069,0.216367,0.058997,0.201731,0.369144,0.408484
2024-06-11 09:00:00+00:00,0.083361,0.006843000000000001,0.018769,0.077088,0.102259,0.11963,0.08582000000000001,0.100511,0.064321,0.019515,0.025461,0.024996,0.049044,0.16506500000000002,0.045665,0.081885,0.084204,0.28158099999999997,0.21133600000000002,0.060364999999999995,0.19104100000000002,0.333787,0.361588
2024-06-11 10:00:00+00:00,0.089058,0.015894,0.024421,0.072143,0.094838,0.130616,0.098074,0.104743,0.079217,0.027708,0.033839999999999995,0.03312,0.055985,0.184306,0.065765,0.082584,0.079025,0.261142,0.211527,0.064292,0.179653,0.313313,0.301118
2024-06-11 11:00:00+00:00,0.096285,0.031258999999999995,0.034045,0.071211,0.089038,0.13908399999999999,0.107172,0.099377,0.084066,0.039889999999999995,0.0518,0.047372000000000004,0.06968200000000001,0.199727,0.096572,0.085867,0.078686,0.254743,0.223536,0.072197,0.170737,0.321439,0.26129
2024-06-11 12:00:00+00:00,0.104527,0.046804000000000005,0.046202999999999994,0.075869,0.088634,0.144713,0.11378699999999999,0.09162999999999999,0.082984,0.052579999999999995,0.075322,0.06726,0.086452,0.20888299999999999,0.132216,0.093203,0.083238,0.250606,0.240463,0.083638,0.168587,0.334768,0.251795
2024-06-11 13:00:00+00:00,0.112055,0.05656900000000001,0.058116999999999995,0.08625,0.09778300000000001,0.149204,0.11997200000000001,0.08713,0.079636,0.06551,0.091308,0.087268,0.10389200000000001,0.215991,0.163831,0.10887999999999999,0.094986,0.243617,0.25359499999999996,0.097577,0.177322,0.330196,0.25400700000000004
2024-06-11 14:00:00+00:00,0.1196,0.06069600000000001,0.067208,0.100738,0.11725899999999999,0.155074,0.12876600000000002,0.089982,0.08218500000000001,0.077408,0.095149,0.102,0.121671,0.223333,0.18121900000000002,0.129582,0.112353,0.237013,0.265681,0.111738,0.189755,0.320384,0.24534299999999998
2024-06-11 15:00:00+00:00,0.12632000000000002,0.062135,0.077282,0.11382,0.133107,0.160976,0.13328299999999998,0.09301,0.08800000000000001,0.085489,0.091012,0.10751300000000001,0.141218,0.231803,0.18320699999999998,0.15321500000000002,0.13306400000000002,0.231823,0.2759,0.126656,0.20637199999999997,0.32100100000000004,0.22690300000000002
2024-06-11 16:00:00+00:00,0.13403900000000002,0.06386499999999999,0.09021,0.128924,0.14716500000000002,0.160927,0.128958,0.096206,0.09644900000000001,0.090076,0.088101,0.10930999999999999,0.164286,0.239069,0.162366,0.179729,0.155912,0.23080599999999998,0.282351,0.143505,0.22748000000000002,0.340597,0.20831999999999998
2024-06-11 17:00:00+00:00,0.138165,0.06502000000000001,0.10245499999999999,0.141963,0.154014,0.155316,0.11780299999999999,0.092795,0.10164,0.09009199999999999,0.087535,0.110821,0.190092,0.242956,0.127243,0.19826300000000002,0.17282,0.223079,0.261468,0.147116,0.227925,0.368827,0.18748499999999998
2024-06-11 18:00:00+00:00,0.136817,0.068989,0.116086,0.152772,0.162909,0.13834000000000002,0.098473,0.08443200000000001,0.09970599999999999,0.100757,0.09424400000000001,0.124734,0.21888400000000002,0.23065700000000003,0.100343,0.200422,0.190591,0.174423,0.18971400000000002,0.128588,0.199302,0.385214,0.174538
2024-06-11 19:00:00+00:00,0.158141,0.098332,0.16098900000000002,0.19483399999999998,0.21256399999999998,0.126417,0.0901,0.086083,0.111305,0.13433900000000001,0.115627,0.160794,0.2979,0.225583,0.117967,0.24117800000000003,0.248367,0.156774,0.165961,0.143581,0.201194,0.408179,0.182944
2024-06-11 20:00:00+00:00,0.17495,0.129431,0.20676599999999998,0.21686399999999997,0.241315,0.108347,0.07432899999999999,0.078321,0.115579,0.160548,0.128119,0.18137899999999998,0.372837,0.239327,0.142243,0.268687,0.297744,0.157474,0.158425,0.148303,0.200573,0.40576999999999996,0.221512
2024-06-11 21:00:00+00:00,0.174717,0.14557799999999999,0.224291,0.211081,0.24261100000000002,0.077276,0.050692,0.065973,0.10640699999999999,0.170303,0.134683,0.186894,0.37818,0.232447,0.13543,0.267365,0.319789,0.159058,0.143087,0.13297899999999999,0.212246,0.37846399999999997,0.27571999999999997
2024-06-11 22:00:00+00:00,0.163821,0.145262,0.214648,0.192683,0.215408,0.048736,0.029233,0.05246,0.09061799999999999,0.154331,0.137946,0.179904,0.343472,0.215098,0.113274,0.250409,0.3218,0.158598,0.11770699999999999,0.121697,0.219295,0.37885100000000005,0.30656
2024-06-11 23:00:00+00:00,0.144413,0.129485,0.185113,0.167553,0.171632,0.027654,0.013775999999999998,0.038229,0.070299,0.12723299999999998,0.133178,0.16151400000000002,0.29116,0.185636,0.09211799999999999,0.22027800000000003,0.303809,0.152204,0.093079,0.11241,0.22133699999999998,0.382446,0.300095
2024-07-10 00:00:00+00:00,0.13995,0.215007,0.22578299999999998,0.23308299999999998,0.16815,0.308767,0.19742,0.040192,0.058374,0.146884,0.202102,0.08040499999999999,0.240546,0.286813,0.038653,0.128686,0.126201,0.022826,0.023469,0.028361,0.035913,0.027030000000000002,0.009789
2024-07-10 01:00:00+00:00,0.146058,0.21188800000000002,0.221419,0.21520999999999998,0.140374,0.29391799999999996,0.22856300000000002,0.06015,0.07593,0.138847,0.22296300000000002,0.073421,0.23472800000000002,0.269985,0.045482999999999996,0.129747,0.132054,0.022078,0.024558,0.031841,0.024374,0.023479,0.009577
2024-07-10 02:00:00+00:00,0.155978,0.210443,0.22794499999999998,0.201996,0.14769000000000002,0.287107,0.259925,0.08527699999999999,0.10504200000000001,0.06621200000000001,0.227057,0.12343699999999999,0.217266,0.252709,0.052117,0.13458399999999998,0.137238,0.021128,0.02723,0.033622000000000006,0.016923,0.018271000000000003,0.006831
2024-07-10 03:00:00+00:00,0.169124,0.21753699999999998,0.22455,0.171471,0.140539,0.293281,0.28736799999999996,0.144258,0.171763,0.020734,0.217352,0.156408,0.190695,0.245797,0.061341,0.11256300000000001,0.116718,0.021828,0.032601,0.027058999999999996,0.011236,0.012604,0.004351
2024-07-10 04:00:00+00:00,0.17615,0.20855300000000002,0.205798,0.13625,0.11572400000000001,0.28739899999999996,0.271311,0.21544000000000002,0.231364,0.032381,0.197934,0.164122,0.16805,0.23892800000000003,0.06300900000000001,0.079868,0.093958,0.024899,0.044132,0.018514,0.010454999999999999,0.009008,0.002618
2024-07-10 05:00:00+00:00,0.133385,0.147874,0.143259,0.082528,0.076272,0.247466,0.21268800000000002,0.203593,0.177887,0.047751,0.13411900000000002,0.12025899999999999,0.12203900000000001,0.194992,0.040313,0.040626,0.066617,0.019073,0.039476,0.010804000000000001,0.009597,0.003754,0.0009480000000000001
2024-07-10 06:00:00+00:00,0.142285,0.180335,0.168794,0.07582,0.054339,0.28818299999999997,0.248379,0.22309099999999998,0.206031,0.067307,0.1354,0.121842,0.11935,0.206581,0.03866,0.025957,0.050098000000000004,0.01324,0.023755000000000002,0.006953,0.004243,0.002074,0.002719
2024-07-10 07:00:00+00:00,0.165248,0.187701,0.16806300000000002,0.07625900000000001,0.039707,0.336836,0.29449899999999996,0.289781,0.249099,0.091148,0.15432200000000001,0.125864,0.15249200000000002,0.242984,0.048916,0.023449,0.052933,0.009762,0.011372,0.008515,0.004006,0.008213,0.003973
2024-07-10 08:00:00+00:00,0.186421,0.197216,0.173087,0.082762,0.039847,0.376254,0.327892,0.35043,0.291178,0.10589900000000001,0.172259,0.133979,0.179111,0.260817,0.03978,0.02103,0.05255800000000001,0.006014,0.004639,0.01025,0.006915999999999999,0.023243,0.006251
2024-07-10 09:00:00+00:00,0.202646,0.22650100000000004,0.195466,0.100609,0.053674,0.39675,0.348661,0.375798,0.313755,0.121527,0.19198099999999998,0.15138900000000002,0.197691,0.26961999999999997,0.01853,0.020102000000000002,0.054063,0.004582999999999999,0.003285,0.011547,0.010083,0.046457,0.008068
2024-07-10 10:00:00+00:00,0.21576900000000002,0.24384,0.201238,0.122227,0.064651,0.399669,0.352073,0.384853,0.324908,0.134777,0.21798,0.175335,0.219473,0.27744,0.0027760000000000003,0.023332,0.063386,0.00489,0.006948,0.021376,0.012922,0.075475,0.009598
2024-07-10 11:00:00+00:00,0.224227,0.246428,0.205394,0.126635,0.068246,0.402552,0.358246,0.384812,0.329175,0.134208,0.233183,0.192648,0.239248,0.280484,0.001831,0.036435,0.077261,0.010237999999999999,0.012901,0.037469999999999996,0.015553,0.108707,0.012074
2024-07-10 12:00:00+00:00,0.223679,0.25287800000000005,0.215385,0.123932,0.062936,0.403386,0.365604,0.37885,0.32358400000000004,0.128919,0.219698,0.19634000000000001,0.251273,0.271081,0.0072510000000000005,0.05948200000000001,0.087075,0.019117,0.020927,0.054891999999999996,0.017905,0.137899,0.015600999999999999
2024-07-10 13:00:00+00:00,0.21876900000000002,0.256157,0.220348,0.129135,0.054030999999999996,0.38612199999999997,0.373212,0.367059,0.314384,0.124509,0.205033,0.181331,0.254767,0.255467,0.020527,0.081573,0.089407,0.028696,0.030242,0.065552,0.020572,0.154569,0.020191
2024-07-10 14:00:00+00:00,0.21181799999999998,0.24260500000000002,0.21458400000000002,0.133002,0.05890499999999999,0.35270799999999997,0.367602,0.35938600000000004,0.301836,0.110046,0.198163,0.158598,0.250213,0.237404,0.030367,0.091987,0.090215,0.035132,0.040310000000000006,0.068326,0.022347,0.156824,0.023253
2024-07-10 15:00:00+00:00,0.20159100000000002,0.223721,0.199819,0.132615,0.073759,0.324332,0.34132399999999996,0.346044,0.281895,0.085878,0.19045,0.141189,0.24420100000000003,0.217369,0.035517,0.094304,0.095611,0.036462,0.053212999999999996,0.067467,0.023597999999999997,0.143751,0.02364
2024-07-10 16:00:00+00:00,0.176282,0.190935,0.177931,0.12340599999999999,0.07825499999999999,0.299032,0.29334699999999997,0.294824,0.236027,0.073185,0.169032,0.12470099999999999,0.21860500000000002,0.170699,0.037064,0.094467,0.098862,0.035564,0.068148,0.06315,0.026458,0.121998,0.024374
2024-07-10 17:00:00+00:00,0.13611099999999998,0.13728800000000002,0.137923,0.10728599999999999,0.074687,0.244723,0.217218,0.210069,0.16367400000000001,0.06741699999999999,0.139553,0.106599,0.169503,0.12423599999999999,0.038725,0.09225599999999999,0.085618,0.040099,0.081709,0.05803200000000001,0.02814,0.099677,0.023611
2024-07-10 18:00:00+00:00,0.106857,0.10848499999999998,0.1131,0.089156,0.080416,0.1867,0.160551,0.15066300000000002,0.120749,0.070974,0.112903,0.09035599999999999,0.124109,0.08768,0.051309,0.08528999999999999,0.072382,0.045497,0.088045,0.056878,0.03386,0.081291,0.020567
2024-07-10 19:00:00+00:00,0.103155,0.12183499999999998,0.13055799999999998,0.090924,0.093389,0.164995,0.15204700000000002,0.139069,0.114607,0.074778,0.10473299999999999,0.080459,0.109482,0.068354,0.08540199999999999,0.075851,0.077075,0.052535000000000005,0.09615,0.063184,0.05260599999999999,0.075205,0.014894999999999999
2024-07-10 20:00:00+00:00,0.100414,0.132528,0.143746,0.09566000000000001,0.090283,0.149805,0.16303299999999998,0.142288,0.10879200000000001,0.071664,0.098742,0.06913899999999999,0.096627,0.056928999999999993,0.100839,0.059615999999999995,0.083535,0.05191799999999999,0.088502,0.048397,0.054534000000000006,0.070001,0.012292
2024-07-10 21:00:00+00:00,0.102797,0.134654,0.144897,0.109998,0.079606,0.146285,0.187066,0.158089,0.118572,0.077672,0.10481300000000002,0.060351,0.08119,0.049345,0.101873,0.044548000000000004,0.08628200000000001,0.049616,0.06787,0.029792000000000003,0.050020999999999996,0.070978,0.013738
2024-07-10 22:00:00+00:00,0.10706500000000001,0.126681,0.131604,0.123615,0.071363,0.14364000000000002,0.210064,0.180276,0.133017,0.07705,0.109632,0.057692999999999994,0.07152599999999999,0.050617,0.090111,0.033643,0.08960599999999999,0.049512,0.057176,0.017093999999999998,0.05128200000000001,0.076328,0.016555
2024-07-10 23:00:00+00:00,0.108553,0.10995799999999999,0.11301300000000002,0.12238099999999999,0.067272,0.140279,0.216495,0.204227,0.147013,0.058096,0.092182,0.065305,0.068257,0.05878099999999999,0.08127000000000001,0.031633999999999995,0.100685,0.052695000000000006,0.053146000000000006,0.010662,0.048676,0.08175,0.019892
2024-08-20 00:00:00+00:00,0.189831,0.173293,0.200268,0.062865,0.142897,0.343516,0.36990500000000004,0.36532,0.305255,0.035999,0.066703,0.051452,0.162057,0.348088,0.027542,0.12626099999999998,0.040052,0.158866,0.061678,0.072359,0.165668,0.132758,0.07455
2024-08-20 01:00:00+00:00,0.190126,0.197097,0.215491,0.049831,0.12542899999999998,0.349883,0.348043,0.37064400000000003,0.30959699999999996,0.03193,0.071801,0.056136,0.17674,0.338733,0.031695,0.11604300000000001,0.024806,0.150679,0.057572000000000005,0.057177,0.143499,0.11499000000000001,0.08479400000000001
2024-08-20 02:00:00+00:00,0.192167,0.21888200000000002,0.23132800000000003,0.036521,0.11038800000000001,0.363724,0.326516,0.36585300000000004,0.316696,0.02578,0.080886,0.050361,0.19750399999999999,0.334429,0.037364999999999995,0.11671500000000001,0.015401,0.14749500000000001,0.05917000000000001,0.043433,0.124927,0.10746800000000001,0.097575
2024-08-20 03:00:00+00:00,0.19272899999999998,0.225169,0.23266599999999998,0.028908999999999997,0.087128,0.362344,0.324065,0.355217,0.319062,0.014639,0.08981499999999999,0.038025,0.224334,0.318296,0.033897000000000004,0.12461300000000002,0.015068999999999999,0.152804,0.06654,0.032497000000000005,0.115449,0.104592,0.10892
2024-08-20 04:00:00+00:00,0.194639,0.222521,0.226951,0.028364999999999998,0.060411,0.368136,0.336758,0.34952300000000003,0.324364,0.006204,0.098254,0.029546,0.24909099999999998,0.287127,0.024437999999999998,0.131686,0.025841000000000003,0.160702,0.07415,0.025925999999999998,0.117531,0.102996,0.10903800000000001
2024-08-20 05:00:00+00:00,0.1893,0.205853,0.21365,0.031662,0.029505,0.38344,0.350532,0.323943,0.30108,0.002686,0.10733699999999999,0.028477,0.267104,0.260758,0.022445,0.138845,0.047421,0.155281,0.075152,0.022565,0.10784200000000001,0.09995,0.096886
2024-08-20 06:00:00+00:00,0.142226,0.116576,0.120805,0.022647,0.009917,0.336679,0.31501,0.24701599999999999,0.20393599999999998,0.0013800000000000002,0.070004,0.015782,0.24369899999999997,0.22708000000000003,0.015786,0.088933,0.052205999999999995,0.13611900000000002,0.05952,0.011774,0.11009400000000001,0.09538200000000001,0.08520900000000001
2024-08-20 07:00:00+00:00,0.132851,0.078512,0.08451499999999999,0.012301000000000001,0.005131,0.32715900000000003,0.356903,0.222342,0.170514,0.001169,0.04067,0.006361,0.292367,0.215502,0.004185,0.033263,0.056188999999999996,0.196979,0.119372,0.006875,0.127939,0.099773,0.074689
2024-08-20 08:00:00+00:00,0.189478,0.157006,0.148335,0.010876,0.0033159999999999995,0.348111,0.43539399999999995,0.361503,0.30917100000000003,0.00046100000000000004,0.056158000000000007,0.00618,0.370658,0.24336100000000002,0.0043939999999999995,0.032695999999999996,0.096458,0.190737,0.121921,0.005927,0.098835,0.093962,0.05940700000000001
2024-08-20 09:00:00+00:00,0.21575100000000003,0.18908599999999998,0.177326,0.011623999999999999,0.00137,0.3707,0.4559,0.42932200000000004,0.374399,0.000176,0.05496,0.005736,0.398421,0.307444,0.0073230000000000005,0.043463,0.123115,0.163216,0.108903,0.003488,0.063279,0.082635,0.0479
2024-08-20 10:00:00+00:00,0.23246799999999998,0.21205300000000002,0.199299,0.018649000000000002,0.001187,0.377567,0.45431800000000006,0.467476,0.40630700000000003,6.8e-05,0.064809,0.0075060000000000005,0.397369,0.34367800000000004,0.013519999999999999,0.063956,0.16249,0.14361500000000002,0.103528,0.002999,0.039481999999999996,0.077426,0.038454
2024-08-20 11:00:00+00:00,0.248356,0.23348000000000002,0.22274499999999997,0.031283,0.00183,0.391119,0.408669,0.49535799999999997,0.423526,0.00025499999999999996,0.087757,0.015297999999999999,0.372222,0.378486,0.027132,0.095101,0.221271,0.134028,0.107573,0.0077659999999999995,0.031292,0.076963,0.027891000000000003
2024-08-20 12:00:00+00:00,0.255666,0.255992,0.249788,0.054591999999999995,0.009816,0.41035,0.36392399999999997,0.44825600000000004,0.39921799999999996,0.002114,0.11935799999999999,0.034415,0.348112,0.415459,0.057334,0.141396,0.292109,0.136526,0.12235,0.022049000000000003,0.033072000000000004,0.077551,0.016103
2024-08-20 13:00:00+00:00,0.26224699999999995,0.28636999999999996,0.285204,0.090064,0.032072,0.456204,0.380835,0.356958,0.357833,0.00948,0.154187,0.067268,0.334654,0.44354799999999994,0.10246199999999998,0.19129200000000002,0.359145,0.151354,0.153288,0.046383,0.039514,0.082242,0.011967
2024-08-20 14:00:00+00:00,0.277993,0.30739299999999997,0.315893,0.12487999999999999,0.071471,0.520237,0.42638000000000004,0.31335,0.33310100000000004,0.031094,0.184,0.10835,0.344848,0.46080200000000004,0.139678,0.23788099999999998,0.41507200000000005,0.185084,0.198695,0.076016,0.052767999999999995,0.093703,0.012579
2024-08-20 15:00:00+00:00,0.296199,0.297782,0.332138,0.139487,0.11286800000000001,0.57468,0.501793,0.315946,0.314771,0.066848,0.20903400000000003,0.135874,0.382798,0.463028,0.166968,0.304874,0.45628500000000005,0.228462,0.23973899999999998,0.096765,0.071104,0.106653,0.014135
2024-08-20 16:00:00+00:00,0.307829,0.245777,0.336208,0.135267,0.134043,0.5873470000000001,0.565237,0.35036,0.312418,0.101715,0.218798,0.14166600000000001,0.41101899999999997,0.45487,0.193932,0.398627,0.45039300000000004,0.265392,0.263454,0.115023,0.08576399999999999,0.12268299999999999,0.016025
2024-08-20 17:00:00+00:00,0.320265,0.237972,0.35124099999999997,0.135791,0.139309,0.568419,0.5609770000000001,0.395252,0.357624,0.11810599999999999,0.23888800000000002,0.151817,0.410112,0.43468199999999996,0.18526900000000002,0.420558,0.390418,0.273167,0.267922,0.12451500000000001,0.090688,0.148087,0.017287999999999998
2024-08-20 18:00:00+00:00,0.348702,0.31046,0.381957,0.178668,0.171048,0.518487,0.550372,0.464872,0.431059,0.150777,0.305334,0.217086,0.39338,0.363345,0.15671,0.374465,0.320678,0.285136,0.258648,0.154064,0.122494,0.175001,0.019029
2024-08-20 19:00:00+00:00,0.363058,0.377745,0.393314,0.21700100000000003,0.197756,0.462412,0.524349,0.492832,0.46680699999999997,0.178366,0.331228,0.284122,0.378181,0.304289,0.153048,0.345165,0.32148699999999997,0.303417,0.24910100000000002,0.16734300000000002,0.134462,0.164115,0.020102000000000002
2024-08-20 20:00:00+00:00,0.35859800000000003,0.402823,0.371118,0.266437,0.170433,0.415417,0.5278390000000001,0.49045900000000003,0.45464899999999997,0.194155,0.356227,0.31802600000000003,0.329253,0.279717,0.12203299999999999,0.319386,0.321304,0.27326300000000003,0.232337,0.17261600000000002,0.11835999999999999,0.147973,0.024769
2024-08-20 21:00:00+00:00,0.37876,0.365299,0.366586,0.375076,0.143176,0.381152,0.515401,0.528506,0.460787,0.21640700000000002,0.45342200000000005,0.333746,0.285198,0.27129000000000003,0.095657,0.318405,0.30284099999999997,0.287097,0.246466,0.18348499999999998,0.11399300000000001,0.164551,0.033757
2024-08-20 22:00:00+00:00,0.376323,0.29315599999999997,0.325044,0.438301,0.18620699999999998,0.361121,0.49413,0.488442,0.453024,0.257176,0.47646000000000005,0.359724,0.264392,0.254232,0.080376,0.33524899999999996,0.28992399999999996,0.317237,0.250902,0.172379,0.121549,0.218198,0.045117000000000004
2024-08-20 23:00:00+00:00,0.337414,0.26460500000000003,0.28129099999999996,0.406379,0.24875100000000003,0.343443,0.439406,0.42796300000000004,0.407913,0.284043,0.369028,0.371399,0.228144,0.246709,0.07910299999999999,0.336428,0.29372,0.323178,0.23449699999999998,0.14790599999999998,0.130772,0.27891900000000003,0.054126
2024-09-12 00:00:00+00:00,0.229672,0.25602800000000003,0.276519,0.11638399999999999,0.059971000000000003,0.289147,0.370555,0.29507,0.267099,0.131018,0.20266800000000001,0.150902,0.223059,0.200484,0.05992000000000001,0.198857,0.209536,0.236717,0.207769,0.113427,0.15099500000000002,0.396806,0.6787989999999999
2024-09-12 01:00:00+00:00,0.221656,0.239927,0.24783200000000002,0.117494,0.058601,0.250354,0.345472,0.289396,0.26368,0.130591,0.216583,0.174561,0.192278,0.179277,0.043617,0.15851800000000002,0.167547,0.252598,0.17665,0.10376500000000001,0.161005,0.397953,0.687659
2024-09-12 02:00:00+00:00,0.21494000000000002,0.214594,0.221335,0.131368,0.051396000000000004,0.21583000000000002,0.31942600000000004,0.285156,0.25692800000000005,0.128697,0.230731,0.199488,0.174704,0.159369,0.025435,0.117096,0.140706,0.253656,0.15340299999999998,0.09828300000000001,0.150329,0.404604,0.692276
2024-09-12 03:00:00+00:00,0.19663,0.19128699999999998,0.204531,0.142318,0.046797000000000005,0.1854,0.292375,0.271908,0.237459,0.12654,0.193998,0.19247999999999998,0.15729100000000001,0.144239,0.02115,0.093944,0.123477,0.24180100000000002,0.12792699999999999,0.09086,0.148956,0.44997200000000004,0.742333
2024-09-12 04:00:00+00:00,0.176453,0.172591,0.189505,0.150151,0.042393,0.162377,0.261422,0.250017,0.2113,0.11137899999999999,0.156195,0.15557,0.140861,0.140013,0.019104,0.082959,0.11046900000000001,0.23340500000000003,0.121178,0.09347000000000001,0.14679,0.46631999999999996,0.792409
2024-09-12 05:00:00+00:00,0.158935,0.154503,0.17493399999999998,0.14268499999999998,0.042066,0.156626,0.24528200000000003,0.228221,0.189228,0.082971,0.116166,0.109981,0.135747,0.138627,0.016142,0.080599,0.10540799999999999,0.23615999999999998,0.126993,0.087305,0.155972,0.481613,0.810491
2024-09-12 06:00:00+00:00,0.128212,0.10760399999999999,0.127808,0.097957,0.028962,0.154191,0.227019,0.17036500000000002,0.142424,0.062327999999999995,0.077776,0.075726,0.111134,0.135488,0.013206,0.059817999999999996,0.078295,0.247025,0.139206,0.094462,0.171102,0.5024310000000001,0.8155560000000001
2024-09-12 07:00:00+00:00,0.124725,0.084616,0.103289,0.095728,0.039842,0.131864,0.202397,0.154527,0.13232,0.075031,0.086267,0.086984,0.070368,0.10071000000000001,0.013453,0.083332,0.059289,0.305105,0.18421500000000002,0.125813,0.255015,0.566054,0.81453
2024-09-12 08:00:00+00:00,0.167433,0.135909,0.156459,0.134266,0.073604,0.168663,0.24452600000000002,0.181187,0.16984200000000002,0.093446,0.130651,0.121234,0.099664,0.11324100000000001,0.023522,0.155712,0.11364400000000001,0.378268,0.272458,0.17222300000000001,0.336746,0.6312770000000001,0.798465
2024-09-12 09:00:00+00:00,0.185557,0.162774,0.182228,0.16975,0.091267,0.190202,0.260885,0.185016,0.18108,0.10154500000000001,0.14688199999999998,0.128971,0.105371,0.12295299999999999,0.028902999999999998,0.17124,0.12239000000000001,0.432742,0.342445,0.195191,0.38600300000000004,0.6826409999999999,0.7792939999999999
2024-09-12 10:00:00+00:00,0.198932,0.176644,0.194697,0.171334,0.104924,0.215229,0.271429,0.193027,0.195973,0.105208,0.149877,0.132469,0.11848099999999999,0.136416,0.040432,0.182263,0.135744,0.47618900000000003,0.393127,0.214277,0.414071,0.703196,0.7602
2024-09-12 11:00:00+00:00,0.218475,0.201504,0.21946,0.188408,0.122787,0.242342,0.27082,0.198961,0.21388800000000002,0.11551199999999999,0.165631,0.14641700000000002,0.14038299999999998,0.15646,0.057805999999999996,0.20754699999999998,0.155162,0.522148,0.44882,0.23920300000000003,0.437413,0.715132,0.725384
2024-09-12 12:00:00+00:00,0.236713,0.22385500000000003,0.24195,0.214821,0.141594,0.26803299999999997,0.256837,0.19107000000000002,0.21756199999999998,0.12575799999999998,0.190222,0.16323,0.164625,0.18417,0.082535,0.23072199999999998,0.180896,0.570812,0.50007,0.269947,0.46074899999999996,0.728563,0.6941039999999999
2024-09-12 13:00:00+00:00,0.250987,0.235517,0.25810700000000003,0.239738,0.16028599999999998,0.300927,0.240441,0.176598,0.210504,0.132668,0.20915599999999998,0.174624,0.188918,0.226146,0.112595,0.258456,0.210652,0.6097020000000001,0.5381319999999999,0.296106,0.484704,0.7450140000000001,0.686226
2024-09-12 14:00:00+00:00,0.259221,0.23229299999999997,0.264565,0.25511300000000003,0.179599,0.341445,0.22184,0.160152,0.19830599999999998,0.14166099999999998,0.211037,0.178672,0.21761799999999998,0.286083,0.14336300000000002,0.28483400000000003,0.238748,0.628957,0.555743,0.31348400000000004,0.5023850000000001,0.761293,0.6614869999999999
2024-09-12 15:00:00+00:00,0.261802,0.222681,0.261857,0.253422,0.19831300000000002,0.36656,0.20516500000000001,0.147706,0.18319100000000002,0.153145,0.20115,0.175952,0.242718,0.350844,0.16633199999999998,0.308315,0.25907600000000003,0.63565,0.567589,0.322497,0.511814,0.77593,0.644794
2024-09-12 16:00:00+00:00,0.23744899999999997,0.166193,0.21455500000000002,0.209813,0.18818,0.351098,0.170638,0.124828,0.145152,0.138845,0.15815,0.151056,0.244456,0.392286,0.16483499999999998,0.312295,0.257079,0.61565,0.546821,0.309251,0.483204,0.784824,0.629173
2024-09-12 17:00:00+00:00,0.202429,0.11964000000000001,0.160939,0.149455,0.175848,0.300026,0.141275,0.11588299999999999,0.121603,0.115263,0.12163900000000001,0.11853599999999999,0.23542399999999997,0.37137600000000004,0.139376,0.2616,0.223971,0.546716,0.470496,0.22196100000000002,0.392448,0.772251,0.5933109999999999
2024-09-12 18:00:00+00:00,0.202244,0.128842,0.174004,0.127558,0.17957599999999999,0.28521599999999997,0.149789,0.15220899999999998,0.147785,0.121503,0.117806,0.11097,0.279479,0.326462,0.154034,0.254792,0.24394200000000002,0.45170299999999997,0.375803,0.190165,0.35501900000000003,0.7505729999999999,0.532734
2024-09-12 19:00:00+00:00,0.20108399999999998,0.13379100000000002,0.186394,0.105678,0.144124,0.283629,0.16151300000000002,0.177345,0.169783,0.12395,0.10988599999999998,0.095911,0.292718,0.320594,0.154568,0.23342800000000002,0.256228,0.38045999999999996,0.299706,0.17666300000000001,0.342006,0.733162,0.440571
2024-09-12 20:00:00+00:00,0.197453,0.133464,0.19126700000000002,0.094803,0.10655799999999999,0.27910100000000004,0.177784,0.19239900000000001,0.185591,0.129093,0.103525,0.09109,0.27486,0.321776,0.122097,0.215914,0.254151,0.32396199999999997,0.249045,0.162657,0.324986,0.70986,0.35888400000000004
2024-09-12 21:00:00+00:00,0.198407,0.139621,0.197105,0.10324900000000001,0.08660599999999999,0.271179,0.193626,0.198205,0.19194,0.135276,0.104921,0.100076,0.26802,0.332885,0.10106799999999999,0.21210500000000002,0.25050300000000003,0.29566,0.230839,0.15623099999999998,0.320412,0.689372,0.318757
2024-09-12 22:00:00+00:00,0.204854,0.155171,0.20587600000000003,0.130327,0.089382,0.27015700000000004,0.21080500000000002,0.202807,0.192692,0.145877,0.121012,0.120773,0.267169,0.33621599999999996,0.087385,0.22502399999999997,0.261795,0.279265,0.21648299999999998,0.156143,0.318511,0.674243,0.34125700000000003
2024-09-12 23:00:00+00:00,0.212538,0.170575,0.20338599999999998,0.165937,0.10634500000000001,0.271266,0.22800399999999998,0.21421700000000002,0.195047,0.13125499999999998,0.146362,0.13888599999999998,0.266223,0.333913,0.079086,0.22533000000000003,0.255446,0.279074,0.20980900000000002,0.15929200000000002,0.31305,0.670257,0.395432
2024-10-02 00:00:00+00:00,0.247067,0.349182,0.35943400000000003,0.21478699999999998,0.090504,0.39705100000000004,0.448906,0.172111,0.318952,0.078702,0.198054,0.11254000000000002,0.26065900000000003,0.256121,0.129646,0.178756,0.214628,0.22150799999999998,0.30445900000000004,0.134169,0.125101,0.190303,0.065631
2024-10-02 01:00:00+00:00,0.24095500000000003,0.352041,0.336933,0.21543,0.105097,0.380639,0.452169,0.13016,0.325368,0.087103,0.214772,0.114852,0.24534,0.24218299999999998,0.090908,0.15853699999999998,0.165206,0.251463,0.306532,0.106058,0.09925700000000001,0.18396099999999999,0.086768
2024-10-02 02:00:00+00:00,0.22824699999999998,0.358888,0.320888,0.227899,0.116728,0.35585700000000003,0.42775,0.10956099999999999,0.285939,0.0848,0.24420100000000003,0.10376600000000001,0.22970300000000002,0.228073,0.06561499999999999,0.121172,0.114391,0.264548,0.28553,0.088737,0.088295,0.19476400000000002,0.114344
2024-10-02 03:00:00+00:00,0.21005900000000002,0.351145,0.314793,0.235375,0.11590999999999999,0.326806,0.389125,0.129359,0.22742600000000002,0.071853,0.24919699999999997,0.094538,0.205236,0.20913400000000001,0.03568,0.076985,0.080799,0.25152399999999997,0.24480900000000003,0.073088,0.094019,0.201924,0.146542
2024-10-02 04:00:00+00:00,0.196582,0.343885,0.313644,0.233118,0.111705,0.295349,0.34367,0.16475499999999998,0.181758,0.061503999999999996,0.24397600000000003,0.089501,0.195183,0.189077,0.021656,0.060328,0.073792,0.23065500000000003,0.200215,0.060475,0.10705999999999999,0.213754,0.18770499999999998
2024-10-02 05:00:00+00:00,0.194097,0.333864,0.307066,0.23288499999999998,0.109172,0.278027,0.28780100000000003,0.192652,0.166205,0.050426,0.262819,0.083406,0.18374400000000002,0.171293,0.016074,0.073635,0.079576,0.219439,0.166046,0.058551,0.133848,0.23108,0.21186100000000002
2024-10-02 06:00:00+00:00,0.18296700000000002,0.312797,0.292878,0.24784899999999999,0.10934400000000001,0.257922,0.242873,0.187475,0.1669,0.040773000000000004,0.24508899999999997,0.08613,0.155723,0.156135,0.018581,0.084765,0.070869,0.19209500000000002,0.13369,0.050599,0.124286,0.24132800000000001,0.231075
2024-10-02 07:00:00+00:00,0.148739,0.275542,0.250947,0.25882,0.109747,0.200766,0.18898,0.145829,0.133428,0.03321,0.194912,0.077337,0.096471,0.11706199999999999,0.016824000000000002,0.067314,0.037314,0.17369300000000001,0.11148499999999999,0.044592,0.130889,0.259306,0.274082
2024-10-02 08:00:00+00:00,0.136528,0.209619,0.21513600000000002,0.25607800000000003,0.138455,0.180699,0.19087300000000001,0.165685,0.14491099999999998,0.037329,0.153222,0.072038,0.065525,0.08005599999999999,0.015318,0.065816,0.026933,0.162667,0.091863,0.038868,0.147137,0.278835,0.32679
2024-10-02 09:00:00+00:00,0.134974,0.15598399999999998,0.191931,0.24890500000000002,0.16305799999999998,0.174381,0.188909,0.181949,0.16003399999999998,0.042319,0.1307,0.073142,0.06898,0.07336799999999999,0.015102,0.068277,0.033056999999999996,0.15751500000000002,0.097932,0.036014,0.143743,0.275961,0.377162
2024-10-02 10:00:00+00:00,0.128229,0.11559000000000001,0.159424,0.245727,0.166595,0.149569,0.186477,0.182152,0.168017,0.044808999999999995,0.111864,0.071616,0.054479,0.067984,0.013683,0.054202999999999994,0.023216999999999998,0.15901700000000002,0.116396,0.036106,0.132381,0.27187,0.401002
2024-10-02 11:00:00+00:00,0.117522,0.087797,0.127184,0.22216999999999998,0.142514,0.138577,0.185263,0.17281400000000002,0.170512,0.039148,0.08744099999999999,0.059204,0.0439,0.072197,0.011955,0.045122,0.016658000000000003,0.148815,0.12481500000000001,0.036144,0.120698,0.26363400000000003,0.40271
2024-10-02 12:00:00+00:00,0.10990499999999999,0.075877,0.11221199999999999,0.18264,0.116034,0.149358,0.19379100000000002,0.164998,0.17790899999999998,0.028306,0.064346,0.039425,0.04086,0.08491599999999999,0.008181,0.040995,0.014524,0.130378,0.121584,0.037114999999999995,0.109951,0.26867199999999997,0.397828
2024-10-02 13:00:00+00:00,0.110327,0.077012,0.106255,0.139398,0.087536,0.180115,0.219011,0.17447200000000002,0.199123,0.014613,0.045558,0.02035,0.046473,0.10814100000000001,0.006801000000000001,0.040531,0.017901,0.115424,0.116567,0.039186,0.10289100000000001,0.274537,0.39
2024-10-02 14:00:00+00:00,0.121654,0.09139800000000001,0.111409,0.095597,0.061666,0.22624499999999997,0.26258200000000004,0.20207,0.235819,0.00548,0.037266,0.009008,0.062729,0.152647,0.013430000000000001,0.043460000000000006,0.025313,0.105518,0.110382,0.041673,0.099338,0.27528800000000003,0.371481
2024-10-02 15:00:00+00:00,0.13378800000000002,0.11708199999999999,0.128952,0.06136799999999999,0.042524,0.280487,0.296577,0.22976999999999997,0.246712,0.0023769999999999998,0.036726999999999996,0.006814,0.093058,0.209829,0.036722000000000005,0.049898000000000005,0.042233,0.096342,0.10094,0.04763,0.102872,0.264223,0.357021
2024-10-02 16:00:00+00:00,0.143146,0.147178,0.141154,0.03652,0.038894,0.311494,0.29990500000000003,0.2592,0.24635500000000002,0.002257,0.048214,0.011944,0.118402,0.24214000000000002,0.073275,0.06504700000000001,0.069107,0.074025,0.0818,0.058285000000000003,0.102423,0.225226,0.34470300000000004
2024-10-02 17:00:00+00:00,0.186345,0.219998,0.180395,0.027989999999999998,0.052994000000000006,0.328034,0.352039,0.33247600000000005,0.332942,0.005343,0.099264,0.026249,0.16654000000000002,0.236529,0.119571,0.089632,0.109616,0.07170399999999999,0.085499,0.092807,0.116092,0.206548,0.320243
2024-10-02 18:00:00+00:00,0.225813,0.294717,0.22261799999999998,0.028305,0.076779,0.372361,0.402593,0.346789,0.379813,0.012426999999999999,0.160473,0.051099,0.23750100000000002,0.267606,0.141015,0.104297,0.15958699999999998,0.085744,0.098837,0.100796,0.136133,0.21310900000000002,0.284781
2024-10-02 19:00:00+00:00,0.246367,0.327727,0.24536999999999998,0.038839,0.113199,0.376994,0.407352,0.332926,0.37756100000000004,0.027712999999999998,0.21413800000000002,0.086761,0.287102,0.30796799999999996,0.143964,0.107964,0.200855,0.09074600000000001,0.09031900000000001,0.080099,0.133292,0.196968,0.254824
2024-10-02 20:00:00+00:00,0.255307,0.336864,0.257459,0.056574,0.147679,0.388891,0.38848499999999997,0.323074,0.35226399999999997,0.058754999999999995,0.255874,0.135715,0.306012,0.32006799999999996,0.139021,0.10791600000000001,0.227852,0.08706799999999999,0.077512,0.074072,0.133695,0.160826,0.238169
2024-10-02 21:00:00+00:00,0.261367,0.340044,0.281088,0.08422400000000001,0.16326500000000002,0.391768,0.39018400000000003,0.31,0.32870900000000003,0.100211,0.277084,0.182647,0.317742,0.324762,0.10028200000000001,0.110903,0.240848,0.093481,0.072041,0.076687,0.142456,0.148574,0.22264899999999999
2024-10-02 22:00:00+00:00,0.267837,0.324114,0.289864,0.122473,0.182166,0.38916799999999996,0.393926,0.31235599999999997,0.325895,0.133974,0.278018,0.21556,0.31605500000000003,0.318103,0.079025,0.13401400000000002,0.256351,0.112759,0.08025399999999999,0.08466900000000001,0.160896,0.173762,0.173798
2024-10-02 23:00:00+00:00,0.271702,0.310318,0.30152399999999996,0.16559100000000002,0.21176599999999998,0.38311300000000004,0.387219,0.30664600000000003,0.322144,0.156022,0.27362800000000004,0.231033,0.31261,0.30361,0.08337699999999999,0.176807,0.275992,0.130294,0.088635,0.097551,0.174557,0.207871,0.120171
2024-11-08 00:00:00+00:00,0.148034,0.076939,0.121772,0.088888,0.08576900000000001,0.17245,0.150983,0.115995,0.115908,0.06614,0.097469,0.09639299999999999,0.27915,0.249043,0.12381400000000001,0.209378,0.30598400000000003,0.154324,0.207089,0.112256,0.023906,0.144807,0.151171
2024-11-08 01:00:00+00:00,0.138122,0.071425,0.103887,0.091058,0.069872,0.15432200000000001,0.12724000000000002,0.10611400000000001,0.099054,0.066174,0.08812,0.092161,0.266384,0.23392800000000002,0.121296,0.211243,0.316716,0.150592,0.196676,0.104602,0.022624000000000002,0.15373,0.151027
2024-11-08 02:00:00+00:00,0.136397,0.073393,0.097527,0.092981,0.059305,0.14238399999999998,0.11413599999999999,0.101926,0.08985900000000001,0.062140999999999995,0.084734,0.089675,0.263806,0.23278000000000001,0.125625,0.235587,0.350896,0.145893,0.1966,0.101392,0.021085,0.163995,0.15091300000000002
2024-11-08 03:00:00+00:00,0.139974,0.086862,0.10065299999999999,0.10238799999999999,0.059924,0.133001,0.111643,0.093967,0.088145,0.06341000000000001,0.091378,0.09283200000000001,0.269511,0.229292,0.136998,0.25854,0.386945,0.142299,0.197758,0.09564099999999999,0.023857,0.171744,0.145402
2024-11-08 04:00:00+00:00,0.143292,0.096227,0.108168,0.11316199999999998,0.060948,0.12406099999999999,0.112305,0.08897200000000001,0.08606,0.068859,0.09857300000000001,0.098109,0.277913,0.22681500000000002,0.144581,0.275316,0.403334,0.137593,0.19630699999999998,0.10137,0.026516,0.195705,0.135879
2024-11-08 05:00:00+00:00,0.144708,0.094854,0.10762999999999999,0.11495,0.062581,0.117065,0.111623,0.08330800000000001,0.082468,0.073021,0.09990700000000001,0.101529,0.28386100000000003,0.23078400000000002,0.146781,0.291461,0.410024,0.140478,0.214394,0.111633,0.02913,0.217808,0.125368
2024-11-08 06:00:00+00:00,0.147926,0.083422,0.10119199999999999,0.114131,0.068048,0.112041,0.106438,0.081104,0.08276599999999999,0.07763400000000001,0.10183400000000001,0.10935399999999999,0.296954,0.242046,0.14688299999999999,0.314382,0.42100200000000004,0.148902,0.226669,0.120216,0.028099000000000002,0.218467,0.119127
2024-11-08 07:00:00+00:00,0.14571800000000001,0.06827799999999999,0.092432,0.10024,0.067021,0.11042,0.097707,0.078527,0.079792,0.07475,0.100088,0.111603,0.306861,0.254825,0.141505,0.324743,0.41422600000000004,0.14357799999999998,0.21809299999999998,0.120144,0.024345,0.20136600000000002,0.11728800000000002
2024-11-08 08:00:00+00:00,0.11810699999999999,0.048607,0.061966999999999994,0.064437,0.041471,0.09725,0.087881,0.080951,0.07448300000000001,0.076096,0.083995,0.10618599999999999,0.24140599999999998,0.230582,0.096209,0.214471,0.291115,0.12376500000000001,0.164795,0.067234,0.015529,0.156527,0.117103
2024-11-08 09:00:00+00:00,0.104655,0.03882,0.043156,0.053217999999999994,0.013541,0.08118,0.07806,0.0812,0.074746,0.057918,0.071638,0.09433899999999999,0.179046,0.191445,0.07475599999999999,0.1258,0.247058,0.143065,0.201572,0.078247,0.021136000000000002,0.194491,0.111239
2024-11-08 10:00:00+00:00,0.112365,0.04122,0.040776,0.0444,0.0040420000000000005,0.080103,0.073916,0.069062,0.066076,0.041441000000000006,0.067661,0.07525,0.202773,0.20614200000000002,0.076676,0.195303,0.33634899999999995,0.16601,0.241878,0.113658,0.035183,0.265509,0.09929199999999999
2024-11-08 11:00:00+00:00,0.10916700000000001,0.040681999999999996,0.032475,0.032534,0.002937,0.073495,0.064429,0.059717,0.05615,0.029518,0.061395000000000005,0.05520800000000001,0.21588200000000002,0.25083,0.072504,0.184564,0.31536,0.179124,0.249256,0.11415399999999999,0.042584,0.289662,0.085074
2024-11-08 12:00:00+00:00,0.101814,0.032951,0.025642,0.030253,0.003747,0.065322,0.058325,0.052013,0.048822000000000004,0.022221,0.056657000000000006,0.043601999999999995,0.209675,0.248809,0.06536,0.161321,0.28428000000000003,0.17801,0.24963000000000002,0.10729100000000001,0.048611,0.296729,0.077019
2024-11-08 13:00:00+00:00,0.095027,0.027596,0.025516999999999998,0.03673,0.003145,0.064144,0.055407000000000005,0.048672,0.047216,0.018113999999999998,0.054633,0.040014999999999995,0.193504,0.208902,0.05876,0.14394400000000002,0.26071700000000003,0.17336300000000002,0.24286999999999997,0.100868,0.052236000000000005,0.301106,0.07648200000000001
2024-11-08 14:00:00+00:00,0.088977,0.025854000000000002,0.029878,0.046284,0.0033369999999999997,0.06868400000000001,0.054674,0.048994,0.048731000000000003,0.016947,0.056333,0.043936,0.168347,0.162872,0.051876,0.124721,0.222951,0.173549,0.23885599999999998,0.093449,0.052315999999999994,0.2859,0.078794
2024-11-08 15:00:00+00:00,0.08136900000000001,0.028145,0.043472000000000004,0.055593,0.0032649999999999997,0.071738,0.055348,0.052444000000000005,0.049908999999999995,0.018044,0.05941900000000001,0.050339,0.138243,0.124753,0.048855,0.095563,0.174964,0.151606,0.21084299999999997,0.077283,0.040885000000000005,0.24121199999999998,0.08050700000000001
2024-11-08 16:00:00+00:00,0.098774,0.044926,0.08211,0.074258,0.003057,0.096188,0.063433,0.058620000000000005,0.055109000000000005,0.024975,0.079069,0.065538,0.184534,0.150397,0.07030800000000001,0.11052200000000001,0.22477199999999997,0.136898,0.202665,0.08732100000000001,0.038961,0.240341,0.08494
2024-11-08 17:00:00+00:00,0.12528499999999998,0.061987,0.1203,0.09912699999999999,0.0054859999999999996,0.12650799999999998,0.07335900000000001,0.065163,0.062671,0.031939999999999996,0.10394,0.08103400000000001,0.251,0.21908000000000002,0.0955,0.134077,0.28517,0.143035,0.22228,0.11161300000000002,0.056688,0.274981,0.09087100000000001
2024-11-08 18:00:00+00:00,0.13986099999999999,0.063048,0.135404,0.1314,0.030719999999999997,0.135435,0.072543,0.065555,0.064711,0.035209,0.120403,0.089584,0.283587,0.251228,0.106242,0.178129,0.33461799999999997,0.141348,0.197209,0.144574,0.07993600000000001,0.278545,0.100961
2024-11-08 19:00:00+00:00,0.14416400000000001,0.05776799999999999,0.132613,0.17005599999999998,0.077099,0.130944,0.067865,0.059641999999999994,0.058396,0.038919999999999996,0.131885,0.097196,0.286706,0.258602,0.11624200000000001,0.21845799999999999,0.354304,0.127413,0.198973,0.14463,0.08330900000000001,0.273867,0.116307
2024-11-08 20:00:00+00:00,0.144258,0.054229999999999993,0.120307,0.207563,0.131357,0.124102,0.062412,0.047179,0.04817,0.044084,0.142068,0.109403,0.279262,0.25893499999999997,0.124146,0.274099,0.36595700000000003,0.110016,0.186726,0.13681300000000002,0.08642799999999999,0.262388,0.127745
2024-11-08 21:00:00+00:00,0.142681,0.055695,0.11588699999999999,0.22319099999999997,0.183124,0.117672,0.061083000000000005,0.034684,0.038359,0.045509,0.14397000000000001,0.116586,0.278039,0.257132,0.12331500000000001,0.31600100000000003,0.367527,0.100088,0.183204,0.153231,0.072537,0.25692600000000004,0.126575
2024-11-08 22:00:00+00:00,0.13967000000000002,0.059762,0.12231600000000001,0.216471,0.21909499999999998,0.11152999999999999,0.063063,0.026369999999999998,0.031947,0.043477999999999996,0.136668,0.112159,0.270052,0.25291399999999997,0.121146,0.346136,0.34784699999999996,0.108508,0.201939,0.168399,0.080263,0.26082,0.13236900000000001
2024-11-08 23:00:00+00:00,0.134475,0.060568,0.130137,0.203132,0.23604499999999998,0.105777,0.064627,0.023832,0.030208,0.041326999999999996,0.12261099999999998,0.10513900000000001,0.2599,0.237188,0.117229,0.35729299999999997,0.35368299999999997,0.097104,0.177086,0.177703,0.06649,0.29585900000000004,0.138561
2024-12-20 00:00:00+00:00,0.384396,0.304141,0.29635500000000004,0.38400300000000004,0.270573,0.41125900000000004,0.47712299999999996,0.405378,0.398361,0.308031,0.326569,0.349111,0.334291,0.341412,0.201067,0.3074,0.27965999999999996,0.7038439999999999,0.624031,0.425721,0.507157,0.7171930000000001,0.839618
2024-12-20 01:00:00+00:00,0.356425,0.27462,0.289495,0.346235,0.274438,0.376835,0.46851000000000004,0.398892,0.37595500000000004,0.302531,0.25759499999999996,0.331499,0.287192,0.321069,0.160419,0.24735700000000002,0.236156,0.699517,0.603262,0.406157,0.550507,0.757107,0.817137
2024-12-20 02:00:00+00:00,0.33165500000000003,0.262759,0.2696,0.31759899999999996,0.258912,0.340737,0.4512,0.37518,0.347611,0.291284,0.23542600000000002,0.324228,0.24235700000000002,0.30790500000000004,0.11625,0.204705,0.186373,0.678999,0.551086,0.37786,0.6018020000000001,0.791546,0.75668
2024-12-20 03:00:00+00:00,0.312959,0.230773,0.25912399999999997,0.299665,0.22838699999999998,0.304115,0.41051400000000005,0.338399,0.310947,0.306014,0.24754,0.33493,0.19884000000000002,0.292304,0.075904,0.188899,0.143723,0.668867,0.5289550000000001,0.370521,0.6281140000000001,0.8238549999999999,0.697296
2024-12-20 04:00:00+00:00,0.282262,0.221295,0.254012,0.272537,0.192797,0.275981,0.36841199999999996,0.283246,0.254716,0.286794,0.23811999999999997,0.29873299999999997,0.15495899999999999,0.27684899999999996,0.042151,0.160301,0.097511,0.656044,0.507682,0.371023,0.632343,0.848347,0.642275
2024-12-20 05:00:00+00:00,0.25509499999999996,0.209894,0.24059699999999998,0.228368,0.186665,0.262559,0.34431100000000003,0.25661799999999996,0.22503,0.259718,0.196733,0.25606,0.12722,0.265819,0.023422,0.12986,0.063394,0.639955,0.498208,0.35435700000000003,0.632505,0.859928,0.5969720000000001
2024-12-20 06:00:00+00:00,0.236683,0.205019,0.230627,0.184703,0.201245,0.272644,0.324314,0.243842,0.212725,0.239575,0.16499,0.21561100000000002,0.11093299999999999,0.261415,0.012872,0.10921099999999999,0.046001,0.621555,0.469451,0.324298,0.62534,0.863309,0.605395
2024-12-20 07:00:00+00:00,0.217025,0.201948,0.22658000000000003,0.16001500000000002,0.201535,0.308593,0.297867,0.211423,0.187338,0.222962,0.140724,0.187638,0.1054,0.255412,0.008133,0.099635,0.039070999999999995,0.5867319999999999,0.42435600000000007,0.282894,0.602049,0.859957,0.658373
2024-12-20 08:00:00+00:00,0.201072,0.184332,0.20686,0.144359,0.18265699999999999,0.334347,0.28844000000000003,0.18975,0.16526400000000002,0.21147600000000003,0.123901,0.18246199999999999,0.103762,0.248058,0.005515,0.093234,0.036383,0.55276,0.385825,0.247846,0.573724,0.848775,0.7284430000000001
2024-12-20 09:00:00+00:00,0.19201,0.148303,0.178358,0.130848,0.159384,0.316865,0.27207600000000004,0.170351,0.146386,0.22792199999999999,0.10680799999999999,0.18199300000000002,0.10963800000000001,0.249788,0.004683,0.092653,0.040432,0.558244,0.409225,0.298218,0.610535,0.832419,0.7681520000000001
2024-12-20 10:00:00+00:00,0.192698,0.146585,0.17411,0.127416,0.133921,0.324691,0.26945399999999997,0.149885,0.13662,0.230235,0.106699,0.168532,0.138766,0.26761999999999997,0.008595,0.098923,0.053736,0.566952,0.440741,0.325679,0.62374,0.8188350000000001,0.769171
2024-12-20 11:00:00+00:00,0.21270799999999998,0.177229,0.196303,0.142165,0.12779100000000002,0.378286,0.302288,0.164673,0.155393,0.224502,0.11973099999999999,0.17618699999999998,0.19936199999999998,0.29896799999999996,0.020929,0.11121700000000001,0.087144,0.569325,0.459395,0.32455700000000004,0.615516,0.794431,0.7453890000000001
2024-12-20 12:00:00+00:00,0.24798299999999998,0.22150799999999998,0.21978699999999998,0.162459,0.130624,0.432809,0.353391,0.238046,0.206644,0.231052,0.136597,0.19808699999999999,0.256106,0.34064,0.02984,0.12203499999999999,0.142879,0.575567,0.474401,0.328074,0.5967279999999999,0.764955,0.691004
2024-12-20 13:00:00+00:00,0.27974699999999997,0.262327,0.245331,0.171558,0.136268,0.469634,0.41325100000000003,0.324166,0.270889,0.23755199999999999,0.151579,0.20603400000000002,0.271739,0.359036,0.037281,0.13708299999999998,0.18398399999999998,0.582457,0.482897,0.309558,0.566491,0.731951,0.602927
2024-12-20 14:00:00+00:00,0.30786399999999997,0.29436,0.255092,0.159388,0.12547,0.48407100000000003,0.467854,0.39009699999999997,0.34442399999999995,0.21382199999999998,0.18159,0.180527,0.298223,0.41596099999999997,0.03818,0.154248,0.194227,0.5745779999999999,0.47049300000000005,0.25958000000000003,0.5048560000000001,0.706677,0.47051800000000005
2024-12-20 15:00:00+00:00,0.362921,0.356136,0.286552,0.18349200000000002,0.13811400000000001,0.494307,0.502387,0.476745,0.446772,0.22534400000000002,0.28742199999999996,0.21068,0.382466,0.46309799999999995,0.045203,0.197989,0.257825,0.510536,0.39043,0.181727,0.399741,0.695554,0.342351
2024-12-20 16:00:00+00:00,0.41672700000000007,0.405582,0.343277,0.238894,0.154443,0.506238,0.559441,0.517455,0.515479,0.25950300000000004,0.400412,0.268493,0.430543,0.482583,0.07607799999999999,0.292821,0.3526,0.458564,0.351402,0.165028,0.332545,0.6811649999999999,0.258405
2024-12-20 17:00:00+00:00,0.440116,0.4088,0.382146,0.260615,0.186399,0.522646,0.5502600000000001,0.551621,0.546564,0.270323,0.44394700000000004,0.302027,0.422562,0.5342399999999999,0.115878,0.32469899999999996,0.392371,0.416962,0.29938899999999996,0.14264100000000002,0.293898,0.658874,0.204148
2024-12-20 18:00:00+00:00,0.448238,0.396397,0.400998,0.285244,0.228512,0.540208,0.526319,0.5508109999999999,0.564489,0.280513,0.44233100000000003,0.34010999999999997,0.42103999999999997,0.594188,0.14388499999999999,0.37736,0.404458,0.375907,0.24687699999999999,0.11811600000000001,0.265615,0.622408,0.183927
2024-12-20 19:00:00+00:00,0.44418199999999997,0.387142,0.39923400000000003,0.30119,0.26415,0.564635,0.510946,0.521092,0.554484,0.282593,0.434529,0.364873,0.445675,0.614529,0.153152,0.404513,0.392532,0.346533,0.2216,0.12,0.241181,0.582438,0.185718
2024-12-20 20:00:00+00:00,0.44951800000000003,0.395042,0.398647,0.31535,0.287601,0.604892,0.513295,0.534858,0.50818,0.27778400000000003,0.49274799999999996,0.395108,0.5083310000000001,0.588745,0.153954,0.415905,0.381986,0.32277,0.20697600000000002,0.139284,0.226262,0.556573,0.18341500000000002
2024-12-20 21:00:00+00:00,0.452456,0.406616,0.42013100000000003,0.338599,0.291463,0.577734,0.510205,0.548491,0.50422,0.260937,0.483462,0.419153,0.548564,0.544198,0.158897,0.42361099999999996,0.39834400000000003,0.324807,0.205947,0.158554,0.210202,0.539257,0.156175
2024-12-20 22:00:00+00:00,0.45729899999999996,0.41668,0.46301800000000004,0.36845300000000003,0.291935,0.523544,0.5154310000000001,0.547982,0.513937,0.271374,0.47785500000000003,0.424659,0.565566,0.46776599999999996,0.16686800000000002,0.441036,0.43936099999999995,0.346473,0.22348,0.142737,0.183253,0.5145649999999999,0.10941400000000001
2024-12-20 23:00:00+00:00,0.451696,0.463875,0.496674,0.365809,0.326113,0.481335,0.465829,0.491217,0.524351,0.316353,0.46477799999999997,0.451978,0.5328,0.413177,0.182239,0.41900299999999996,0.472625,0.350455,0.237414,0.143739,0.159005,0.485921,0.065291
